Ticker,^TYX,^TYX,^TYX,^TYX,^TYX,^TYX
Price,Open,High,Low,Close,Adj Close,Volume
Date,,,,,,
2021-12-08 00:00:00+00:00,0.007198412740041339,0.007492063537476555,0.007190476334284222,0.00744047619047619,0.00744047619047619,0.0
2021-12-09 00:00:00+00:00,0.007353174781042432,0.007515873227800641,0.0073174602455563014,0.0074047621280427965,0.0074047621280427965,0.0
2021-12-10 00:00:00+00:00,0.00744047619047619,0.007488095098071628,0.007293651028284951,0.0074761902529095845,0.0074761902529095845,0.0
2021-12-13 00:00:00+00:00,0.007369047592556666,0.0073769839983137825,0.007146825393040975,0.007190476334284222,0.007190476334284222,0.0
2021-12-14 00:00:00+00:00,0.007234126802474734,0.0074166665001521035,0.007158730238203018,0.007214285551555573,0.007214285551555573,0.0
2021-12-15 00:00:00+00:00,0.007293651028284951,0.007396825249232943,0.007226190396717617,0.007361111186799549,0.007361111186799549,0.0
2021-12-16 00:00:00+00:00,0.007515873227800641,0.007559523695991153,0.007333333530123272,0.0073849204040709,0.0073849204040709,0.0
2021-12-17 00:00:00+00:00,0.00725793649279882,0.007289682588880024,0.0071785714891221784,0.007214285551555573,0.007214285551555573,0.0
2021-12-20 00:00:00+00:00,0.007190476334284222,0.007349206341637505,0.007174603049717252,0.0073373014964754615,0.0073373014964754615,0.0
2021-12-21 00:00:00+00:00,0.007452381035638234,0.007646825578477647,0.007452381035638234,0.007527777599909949,0.007527777599909949,0.0
2021-12-22 00:00:00+00:00,0.0074642858808002775,0.0074642858808002775,0.007353174781042432,0.007369047592556666,0.007369047592556666,0.0
2021-12-23 00:00:00+00:00,0.0074246033789619565,0.007599206197829474,0.007357142747394622,0.007559523695991153,0.007559523695991153,0.0
2021-12-27 00:00:00+00:00,0.007515873227800641,0.007543650884476919,0.007452381035638234,0.007484127131719438,0.007484127131719438,0.0
2021-12-28 00:00:00+00:00,0.007488095098071628,0.007599206197829474,0.007357142747394622,0.007551587290234036,0.007551587290234036,0.0
2021-12-29 00:00:00+00:00,0.007642857139072721,0.007821428397345164,0.007642857139072721,0.00774999979942564,0.00774999979942564,0.0
2021-12-30 00:00:00+00:00,0.007706349331235129,0.007813491991588048,0.007626984327558487,0.007638888699667794,0.007638888699667794,0.0
2021-12-31 00:00:00+00:00,0.007599206197829474,0.0076746032351539244,0.007472222286557395,0.007559523695991153,0.007559523695991153,0.0
2022-01-03 00:00:00+00:00,0.007611111042991517,0.008035714664156474,0.007607143076639327,0.008000000128670344,0.008000000128670344,0.0
2022-01-04 00:00:00+00:00,0.00813095247934735,0.008345237800053187,0.00812698451299516,0.00824206310605246,0.00824206310605246,0.0
2022-01-05 00:00:00+00:00,0.008162698102375817,0.008357142645215232,0.008138889358157203,0.008285714520348443,0.008285714520348443,0.0
2022-01-06 00:00:00+00:00,0.008392857180701362,0.00841666687102545,0.00828174560789078,0.008305555298214867,0.008305555298214867,0.0
2022-01-07 00:00:00+00:00,0.008329364988538954,0.00853174641018822,0.00827777764153859,0.008404762025863405,0.008404762025863405,0.0
2022-01-10 00:00:00+00:00,0.008428571716187492,0.008535714376540411,0.008357142645215232,0.008373015456729464,0.008373015456729464,0.0
2022-01-11 00:00:00+00:00,0.008253967951214502,0.008345237800053187,0.008226190294538225,0.008226190294538225,0.008226190294538225,0.0
2022-01-12 00:00:00+00:00,0.008210317483023992,0.008289682486700633,0.008123015600537497,0.008230158260890416,0.008230158260890416,0.0
2022-01-13 00:00:00+00:00,0.008253967951214502,0.008293650453052824,0.008142857324509393,0.008154762169671438,0.008154762169671438,0.0
2022-01-14 00:00:00+00:00,0.008218254361833845,0.008400794059511215,0.008138889358157203,0.008388889214349172,0.008388889214349172,0.0
2022-01-18 00:00:00+00:00,0.008515872652568514,0.008690476417541504,0.008480159063187857,0.008666666727217416,0.008666666727217416,0.0
2022-01-19 00:00:00+00:00,0.008615079380217053,0.008698412350245885,0.008484127029540047,0.008484127029540047,0.008484127029540047,0.0
2022-01-20 00:00:00+00:00,0.008527777497730558,0.008571428912026542,0.008480159063187857,0.0084920639083499,0.0084920639083499,0.0
2022-01-21 00:00:00+00:00,0.00830952421067253,0.008353174678863042,0.008142857324509393,0.008190475759052095,0.008190475759052095,0.0
2022-01-24 00:00:00+00:00,0.008150793257213775,0.00827777764153859,0.00809523794386122,0.008265872796376547,0.008265872796376547,0.0
2022-01-25 00:00:00+00:00,0.008428571716187492,0.008472222184378004,0.00820238060421414,0.008448412494053916,0.008448412494053916,0.0
2022-01-26 00:00:00+00:00,0.008440476561349535,0.008626984225379096,0.008365079524025085,0.008599206568702819,0.008599206568702819,0.0
2022-01-27 00:00:00+00:00,0.00841666687102545,0.00845238140651158,0.008234127173348078,0.008297619365510486,0.008297619365510486,0.0
2022-01-28 00:00:00+00:00,0.008424602803729829,0.008503967807406471,0.008246032018510123,0.008265872796376547,0.008265872796376547,0.0
2022-01-31 00:00:00+00:00,0.008365079524025085,0.008436507648891874,0.008301587331862677,0.008325397022186763,0.008325397022186763,0.0
2022-02-01 00:00:00+00:00,0.008253967951214502,0.008539682342892601,0.008253967951214502,0.008428571716187492,0.008428571716187492,0.0
2022-02-02 00:00:00+00:00,0.00831746014337691,0.008472222184378004,0.008178571859995524,0.00830952421067253,0.00830952421067253,0.0
2022-02-03 00:00:00+00:00,0.00846428530556815,0.008666666727217416,0.00846031733921596,0.008511904686216324,0.008511904686216324,0.0
2022-02-04 00:00:00+00:00,0.008432539682539682,0.008876984081571065,0.00841666687102545,0.00886111127005683,0.00886111127005683,0.0
2022-02-07 00:00:00+00:00,0.00882142876821851,0.008908729704599532,0.008777777353922525,0.008801587044246613,0.008801587044246613,0.0
2022-02-08 00:00:00+00:00,0.008888888926733108,0.00901190439860026,0.008880952047923255,0.00893253939492362,0.00893253939492362,0.0
2022-02-09 00:00:00+00:00,0.008873016115218874,0.008916666583409385,0.008785714232732379,0.008857143303704641,0.008857143303704641,0.0
2022-02-10 00:00:00+00:00,0.008853174391246978,0.009309523635440402,0.008853174391246978,0.009162698473249162,0.009162698473249162,0.0
2022-02-11 00:00:00+00:00,0.00907936550322033,0.009337301292116679,0.00890079377189515,0.008956349085247705,0.008956349085247705,0.0
2022-02-14 00:00:00+00:00,0.008976190809219603,0.009246031443277994,0.008960317051599897,0.009130952850220695,0.009130952850220695,0.0
2022-02-15 00:00:00+00:00,0.0092619052008977,0.009380952706412664,0.009230158631763762,0.009373015827602811,0.009373015827602811,0.0
2022-02-16 00:00:00+00:00,0.009297618790278359,0.009472222555251349,0.009198413008735293,0.009384920672764854,0.009384920672764854,0.0
2022-02-17 00:00:00+00:00,0.009194444096277631,0.0092619052008977,0.008996031587086027,0.009174603318411207,0.009174603318411207,0.0
2022-02-18 00:00:00+00:00,0.009099206281086755,0.009099206281086755,0.008884920960380918,0.00893253939492362,0.00893253939492362,0.0
2022-02-22 00:00:00+00:00,0.008964285964057558,0.00900793643224807,0.0088253967345707,0.008940476273733473,0.008940476273733473,0.0
2022-02-23 00:00:00+00:00,0.009015873311057923,0.009107143159896608,0.008924603462219238,0.009027778156219966,0.009027778156219966,0.0
2022-02-24 00:00:00+00:00,0.008654761882055374,0.009123015971410842,0.008595237656245156,0.009099206281086755,0.009099206281086755,0.0
2022-02-25 00:00:00+00:00,0.009130952850220695,0.009174603318411207,0.008984126741923983,0.0091111111262488,0.0091111111262488,0.0
2022-02-28 00:00:00+00:00,0.008904761738247342,0.008912698617057195,0.008619047346569243,0.008658729848407563,0.008658729848407563,0.0
2022-03-01 00:00:00+00:00,0.008345237800053187,0.008583333757188585,0.008214285449376182,0.00834920671251085,0.00834920671251085,0.0
2022-03-02 00:00:00+00:00,0.008519841565026177,0.008873016115218874,0.008432539682539682,0.00886111127005683,0.00886111127005683,0.0
2022-03-03 00:00:00+00:00,0.00886507923640902,0.008999999553438217,0.008746031730894058,0.008837301579732743,0.008837301579732743,0.0
2022-03-04 00:00:00+00:00,0.008690476417541504,0.008726190006922162,0.008444444527701727,0.008535714376540411,0.008535714376540411,0.0
2022-03-07 00:00:00+00:00,0.00867460360602727,0.008777777353922525,0.00846031733921596,0.008539682342892601,0.008539682342892601,0.0
2022-03-08 00:00:00+00:00,0.008912698617057195,0.008964285964057558,0.008833333613380553,0.008904761738247342,0.008904761738247342,0.0
2022-03-09 00:00:00+00:00,0.008999999553438217,0.009134920816572885,0.008944444240085662,0.009134920816572885,0.009134920816572885,0.0
2022-03-10 00:00:00+00:00,0.009309523635440402,0.009583333181956458,0.009230158631763762,0.009500000211927626,0.009500000211927626,0.0
2022-03-11 00:00:00+00:00,0.009448412864927262,0.009511905057089669,0.009273809099954271,0.009380952706412664,0.009380952706412664,0.0
2022-03-14 00:00:00+00:00,0.009626984596252441,0.009825397105444045,0.009611110838632735,0.009825397105444045,0.009825397105444045,0.0
2022-03-15 00:00:00+00:00,0.00977380975844368,0.009940476644606818,0.009626984596252441,0.009940476644606818,0.009940476644606818,0.0
2022-03-16 00:00:00+00:00,0.0098809524187966,0.010083332894340394,0.00974206318930974,0.009757936946929448,0.009757936946929448,0.0
2022-03-17 00:00:00+00:00,0.009571428336794413,0.009865079607282366,0.009571428336794413,0.009861110694824702,0.009861110694824702,0.0
2022-03-18 00:00:00+00:00,0.009686507875957186,0.009750000068119593,0.009563492404090034,0.009595238027118501,0.009595238027118501,0.0
2022-03-21 00:00:00+00:00,0.00977380975844368,0.010055555237664117,0.009765872879633828,0.010055555237664117,0.010055555237664117,0.0
2022-03-22 00:00:00+00:00,0.01024206384779915,0.010337301662990026,0.010186507588341123,0.010289682282341851,0.010289682282341851,0.0
2022-03-23 00:00:00+00:00,0.010333333696637834,0.0104325394781809,0.009964285388825432,0.009996031957959372,0.009996031957959372,0.0
2022-03-24 00:00:00+00:00,0.010134920241340759,0.010210317278665209,0.009928571799444773,0.009964285388825432,0.009964285388825432,0.0
2022-03-25 00:00:00+00:00,0.009984127112797328,0.010492063703991118,0.009964285388825432,0.010329364784180171,0.010329364784180171,0.0
2022-03-28 00:00:00+00:00,0.010198412433503166,0.010253968692961194,0.010003967890663752,0.010210317278665209,0.010210317278665209,0.0
2022-03-29 00:00:00+00:00,0.010194444467150976,0.01020238134596083,0.009857142728472513,0.010015872735825796,0.010015872735825796,0.0
2022-03-30 00:00:00+00:00,0.009972222267635285,0.010091269773150247,0.009765872879633828,0.00984126991695828,0.00984126991695828,0.0
2022-03-31 00:00:00+00:00,0.009753968034471785,0.009805555381472148,0.009670635064442953,0.009714285532633463,0.009714285532633463,0.0
2022-04-01 00:00:00+00:00,0.009908730075472877,0.010095237739502437,0.009583333181956458,0.009619047717442588,0.009619047717442588,0.0
2022-04-04 00:00:00+00:00,0.009829365071796235,0.009936507732149154,0.009678570997147333,0.009817460226634192,0.009817460226634192,0.0
2022-04-05 00:00:00+00:00,0.010087301806798057,0.010313491972665938,0.009928571799444773,0.010253968692961194,0.010253968692961194,0.0
2022-04-06 00:00:00+00:00,0.010567460741315569,0.010630951987372505,0.010313491972665938,0.010444444323342943,0.010444444323342943,0.0
2022-04-07 00:00:00+00:00,0.010583333552829803,0.01078968294083126,0.010444444323342943,0.010662698556506445,0.010662698556506445,0.0
2022-04-08 00:00:00+00:00,0.01075396840534513,0.010952380914536734,0.010694444179534912,0.01089682560118418,0.01089682560118418,0.0
2022-04-11 00:00:00+00:00,0.011075396386403886,0.011250000151376876,0.010916666379050604,0.011190475925566658,0.011190475925566658,0.0
2022-04-12 00:00:00+00:00,0.011075396386403886,0.011250000151376876,0.010960317793346587,0.011214285615890746,0.011214285615890746,0.0
2022-04-13 00:00:00+00:00,0.011313492343539283,0.011333333121405708,0.010964285759698777,0.01108730123156593,0.01108730123156593,0.0
2022-04-14 00:00:00+00:00,0.011099206076727973,0.011623015479435997,0.011099206076727973,0.011583332977597676,0.011583332977597676,0.0
2022-04-18 00:00:00+00:00,0.011714285328274681,0.011781746432894752,0.01151984173154074,0.011718254240732345,0.011718254240732345,0.0
2022-04-19 00:00:00+00:00,0.011785714399246942,0.011976190029628693,0.011785714399246942,0.011865079402923584,0.011865079402923584,0.0
2022-04-20 00:00:00+00:00,0.011694444550408257,0.011765872675275046,0.011369047656891838,0.011424602970244392,0.011424602970244392,0.0
2022-04-21 00:00:00+00:00,0.011472222350892566,0.011853174557761541,0.01145238062692067,0.011638889237055703,0.011638889237055703,0.0
2022-04-22 00:00:00+00:00,0.011686507671598404,0.011734127052246577,0.011460317505730523,0.011682539705246214,0.011682539705246214,0.0
2022-04-25 00:00:00+00:00,0.011527777664245122,0.0115555553209214,0.011337302033863371,0.01148412719605461,0.01148412719605461,0.0
2022-04-26 00:00:00+00:00,0.01130952343108162,0.011404762192377968,0.011202380770728701,0.011384920468406072,0.011384920468406072,0.0
2022-04-27 00:00:00+00:00,0.011329365155053518,0.011587301890055338,0.011238095306214831,0.011539682509407165,0.011539682509407165,0.0
2022-04-28 00:00:00+00:00,0.011702380483112639,0.011789682365599134,0.011535714543054975,0.011623015479435997,0.011623015479435997,0.0
2022-04-29 00:00:00+00:00,0.011575397044893295,0.011865079402923584,0.011543650475759355,0.011694444550408257,0.011694444550408257,0.0
2022-05-02 00:00:00+00:00,0.011876984248085627,0.012166666606115916,0.011825396901085264,0.012146825828249492,0.012146825828249492,0.0
2022-05-03 00:00:00+00:00,0.011936507527790373,0.011984126908438546,0.011777777520437089,0.011928571595085992,0.011928571595085992,0.0
2022-05-04 00:00:00+00:00,0.011900793938409714,0.012119047225467743,0.011861111436571394,0.011916666749923949,0.011916666749923949,0.0
2022-05-05 00:00:00+00:00,0.011964286130572122,0.01273015851066226,0.011956349251762269,0.01253968288028051,0.01253968288028051,0.0
2022-05-06 00:00:00+00:00,0.012551587725442553,0.012789682736472479,0.012444444118984162,0.012781745857662626,0.012781745857662626,0.0
2022-05-09 00:00:00+00:00,0.012992063212016272,0.013003968057178315,0.012690476008823939,0.01273015851066226,0.01273015851066226,0.0
2022-05-10 00:00:00+00:00,0.012384920839279417,0.012452380997794015,0.012154761760953873,0.012420635374765548,0.012420635374765548,0.0
2022-05-11 00:00:00+00:00,0.012301586923145112,0.012753968200986348,0.012055555979410807,0.012079364723629422,0.012079364723629422,0.0
2022-05-12 00:00:00+00:00,0.011861111436571394,0.01203571425543891,0.011801587210761176,0.011845237678951688,0.011845237678951688,0.0
2022-05-13 00:00:00+00:00,0.012146825828249492,0.01228571411163088,0.012087301602439275,0.012273809266468835,0.012273809266468835,0.0
2022-05-16 00:00:00+00:00,0.012305555835602775,0.012333333492279053,0.012119047225467743,0.012238095677088178,0.012238095677088178,0.0
2022-05-17 00:00:00+00:00,0.01232142864711701,0.012595238193633064,0.01232142864711701,0.012547618812984891,0.012547618812984891,0.0
2022-05-18 00:00:00+00:00,0.012650793506985619,0.012706348820338173,0.012174603484925769,0.012190476296440003,0.012190476296440003,0.0
2022-05-19 00:00:00+00:00,0.011936507527790373,0.012202381141602046,0.011805555177113366,0.012166666606115916,0.012166666606115916,0.0
2022-05-20 00:00:00+00:00,0.012138888949439638,0.01217857145127796,0.011825396901085264,0.011888889093247671,0.011888889093247671,0.0
2022-05-23 00:00:00+00:00,0.01203571425543891,0.012190476296440003,0.011940476440248034,0.012162698639763726,0.012162698639763726,0.0
2022-05-24 00:00:00+00:00,0.011968254096924312,0.012031746289086721,0.01167063486008417,0.011797619244408987,0.011797619244408987,0.0
2022-05-25 00:00:00+00:00,0.011710317361922492,0.011873016281733437,0.011603174701569572,0.011765872675275046,0.011765872675275046,0.0
2022-05-26 00:00:00+00:00,0.011825396901085264,0.012011904565114823,0.0117738095540849,0.011869047369275774,0.011869047369275774,0.0
2022-05-27 00:00:00+00:00,0.011694444550408257,0.011825396901085264,0.01166666689373198,0.011793650331951323,0.011793650331951323,0.0
2022-05-31 00:00:00+00:00,0.012007936598762634,0.012242063643440368,0.012007936598762634,0.012130952070629785,0.012130952070629785,0.0
2022-06-01 00:00:00+00:00,0.01217857145127796,0.012317460680764818,0.012023809410276868,0.012206349107954238,0.012206349107954238,0.0
2022-06-02 00:00:00+00:00,0.012146825828249492,0.012353174270145477,0.012095238481249129,0.012206349107954238,0.012206349107954238,0.0
2022-06-03 00:00:00+00:00,0.012273809266468835,0.012531746001470657,0.012265873333764455,0.01235714318260314,0.01235714318260314,0.0
2022-06-06 00:00:00+00:00,0.012420635374765548,0.01268254007611956,0.01236111114895533,0.012662698352147662,0.012662698352147662,0.0
2022-06-07 00:00:00+00:00,0.012623015850309342,0.012623015850309342,0.0123253966134692,0.012392856771983797,0.012392856771983797,0.0
2022-06-08 00:00:00+00:00,0.012527778035118467,0.012642857574281238,0.012456348964146205,0.012607143038795107,0.012607143038795107,0.0
2022-06-09 00:00:00+00:00,0.012646825540633429,0.012738095389472114,0.012531746001470657,0.012583333348471022,0.012583333348471022,0.0
2022-06-10 00:00:00+00:00,0.012531746001470657,0.012849206016177223,0.012293650990440733,0.01268254007611956,0.01268254007611956,0.0
2022-06-13 00:00:00+00:00,0.013067460249340723,0.013448412456209697,0.012968253521692185,0.013361111519828675,0.013361111519828675,0.0
2022-06-14 00:00:00+00:00,0.013293650415208604,0.013674603568183051,0.013150793219369555,0.013619047308725023,0.013619047308725023,0.0
2022-06-15 00:00:00+00:00,0.013400794021666997,0.013726190915183416,0.013325396984342545,0.013543651217506045,0.013543651217506045,0.0
2022-06-16 00:00:00+00:00,0.013658729810563345,0.013777777316078307,0.013321429017990355,0.01334126979585678,0.01334126979585678,0.0
2022-06-17 00:00:00+00:00,0.013067460249340723,0.01323015916915167,0.012880952585311163,0.013071428215692914,0.013071428215692914,0.0
2022-06-21 00:00:00+00:00,0.013313492139180502,0.013472222146533784,0.01323412713550386,0.01345238136866736,0.01345238136866736,0.0
2022-06-22 00:00:00+00:00,0.013043650559016637,0.01305555540417868,0.012809523514338903,0.012869047740149119,0.012869047740149119,0.0
2022-06-23 00:00:00+00:00,0.012805555547986711,0.012833333204662989,0.012488095533280145,0.012615078971499489,0.012615078971499489,0.0
2022-06-24 00:00:00+00:00,0.012861110861339266,0.012964285555339995,0.012678571163661896,0.012924603053501673,0.012924603053501673,0.0
2022-06-27 00:00:00+00:00,0.013134920407855322,0.013261904792180137,0.013043650559016637,0.013115079629988898,0.013115079629988898,0.0
2022-06-28 00:00:00+00:00,0.013301587294018457,0.013345237762208969,0.01305952337053087,0.013134920407855322,0.013134920407855322,0.0
2022-06-29 00:00:00+00:00,0.012984127279311891,0.013107142751179045,0.012746031322176493,0.012746031322176493,0.012746031322176493,0.0
2022-06-30 00:00:00+00:00,0.012559523658146934,0.012615078971499489,0.012376983960469564,0.012376983960469564,0.012376983960469564,0.0
2022-07-01 00:00:00+00:00,0.012472221775660439,0.012476190688118102,0.012015873477572487,0.01236507911530752,0.01236507911530752,0.0
2022-07-05 00:00:00+00:00,0.012297618956792922,0.012297618956792922,0.011952381285410079,0.012031746289086721,0.012031746289086721,0.0
2022-07-06 00:00:00+00:00,0.012043651134248764,0.01243650818627978,0.011884920180790008,0.012376983960469564,0.012376983960469564,0.0
2022-07-07 00:00:00+00:00,0.012428571307469927,0.01272222257795788,0.012384920839279417,0.012674603197309706,0.012674603197309706,0.0
2022-07-08 00:00:00+00:00,0.012634920695471384,0.013007936969635979,0.012619047883957152,0.012972222434149848,0.012972222434149848,0.0
2022-07-11 00:00:00+00:00,0.012805555547986711,0.012805555547986711,0.012511905223604233,0.012619047883957152,0.012619047883957152,0.0
2022-07-12 00:00:00+00:00,0.01236111114895533,0.012496031465984526,0.012249999576144747,0.012448413031441825,0.012448413031441825,0.0
2022-07-13 00:00:00+00:00,0.012511905223604233,0.012821428359500946,0.01217857145127796,0.01217857145127796,0.01217857145127796,0.0
2022-07-14 00:00:00+00:00,0.01232142864711701,0.012583333348471022,0.012269841300116645,0.012317460680764818,0.012317460680764818,0.0
2022-07-15 00:00:00+00:00,0.01225396848860241,0.012369048027765183,0.012150793794601683,0.012277778178926498,0.012277778178926498,0.0
2022-07-18 00:00:00+00:00,0.01239682568444146,0.012619047883957152,0.01239682568444146,0.012440476152631972,0.012440476152631972,0.0
2022-07-19 00:00:00+00:00,0.012523809122660804,0.012718253665500216,0.01243650818627978,0.012615078971499489,0.012615078971499489,0.0
2022-07-20 00:00:00+00:00,0.012444444118984162,0.012654761473337809,0.012341269424983434,0.01257936538211883,0.01257936538211883,0.0
2022-07-21 00:00:00+00:00,0.012706348820338173,0.01273015851066226,0.012158729727306063,0.012194444262792193,0.012194444262792193,0.0
2022-07-22 00:00:00+00:00,0.011940476440248034,0.011980158942086356,0.011714285328274681,0.011896825025952051,0.011896825025952051,0.0
2022-07-25 00:00:00+00:00,0.012103174413953508,0.01221825395311628,0.012015873477572487,0.012099206447601318,0.012099206447601318,0.0
2022-07-26 00:00:00+00:00,0.01181349205592322,0.011960317218114459,0.011714285328274681,0.011940476440248034,0.011940476440248034,0.0
2022-07-27 00:00:00+00:00,0.011960317218114459,0.01203571425543891,0.011841269712599497,0.011912698783571757,0.011912698783571757,0.0
2022-07-28 00:00:00+00:00,0.012198412229144385,0.012277778178926498,0.011785714399246942,0.012059523945762998,0.012059523945762998,0.0
2022-07-29 00:00:00+00:00,0.012107143326411171,0.012158729727306063,0.011730159085894388,0.011801587210761176,0.011801587210761176,0.0
2022-08-01 00:00:00+00:00,0.01199603175360059,0.012126984104277596,0.011607142667921762,0.011607142667921762,0.011607142667921762,0.0
2022-08-02 00:00:00+00:00,0.01144841266056848,0.011904761904761904,0.011329365155053518,0.011845237678951688,0.011845237678951688,0.0
2022-08-03 00:00:00+00:00,0.012031746289086721,0.01222222191946847,0.01181349205592322,0.01181349205592322,0.01181349205592322,0.0
2022-08-04 00:00:00+00:00,0.011682539705246214,0.011853174557761541,0.011619047513083807,0.011749999863760812,0.011749999863760812,0.0
2022-08-05 00:00:00+00:00,0.011833333779895117,0.0123253966134692,0.011797619244408987,0.012162698639763726,0.012162698639763726,0.0
2022-08-08 00:00:00+00:00,0.012015873477572487,0.012059523945762998,0.011857142524113731,0.011896825025952051,0.011896825025952051,0.0
2022-08-09 00:00:00+00:00,0.012015873477572487,0.012023809410276868,0.011865079402923584,0.011924603628733802,0.011924603628733802,0.0
2022-08-10 00:00:00+00:00,0.011984126908438546,0.012146825828249492,0.011678571738894023,0.012071428790925041,0.012071428790925041,0.0
2022-08-11 00:00:00+00:00,0.011976190029628693,0.012654761473337809,0.011932539561438181,0.012591270227280875,0.012591270227280875,0.0
2022-08-12 00:00:00+00:00,0.01240079365079365,0.012531746001470657,0.012349206303793287,0.012373015994117373,0.012373015994117373,0.0
2022-08-15 00:00:00+00:00,0.012238095677088178,0.012301586923145112,0.012115079259115553,0.01228571411163088,0.01228571411163088,0.0
2022-08-16 00:00:00+00:00,0.012317460680764818,0.012587301314823211,0.012301586923145112,0.012353174270145477,0.012353174270145477,0.0
2022-08-17 00:00:00+00:00,0.012484126620822482,0.012559523658146934,0.01239682568444146,0.012484126620822482,0.012484126620822482,0.0
2022-08-18 00:00:00+00:00,0.012420635374765548,0.012519841156308614,0.012317460680764818,0.012456348964146205,0.012456348964146205,0.0
2022-08-19 00:00:00+00:00,0.01268254007611956,0.012841270083472842,0.01268254007611956,0.012797618669176858,0.012797618669176858,0.0
2022-08-22 00:00:00+00:00,0.012789682736472479,0.012968253521692185,0.012706348820338173,0.012865079773796929,0.012865079773796929,0.0
2022-08-23 00:00:00+00:00,0.012813492426796564,0.013043650559016637,0.012710317732795837,0.012920635087149484,0.012920635087149484,0.0
2022-08-24 00:00:00+00:00,0.012932539932311528,0.013214285411531962,0.012920635087149484,0.013178571822151305,0.013178571822151305,0.0
2022-08-25 00:00:00+00:00,0.013138889320312984,0.013210317445179772,0.012809523514338903,0.012833333204662989,0.012833333204662989,0.0
2022-08-26 00:00:00+00:00,0.01301587290234036,0.013035714626312256,0.012634920695471384,0.012718253665500216,0.012718253665500216,0.0
2022-08-29 00:00:00+00:00,0.012857142894987076,0.012976190400502038,0.012813492426796564,0.012884920551663353,0.012884920551663353,0.0
2022-08-30 00:00:00+00:00,0.012757936167338538,0.01295238071017795,0.012714285699148026,0.012777777891310434,0.012777777891310434,0.0
2022-08-31 00:00:00+00:00,0.012880952585311163,0.012920635087149484,0.012734127423119924,0.012916667120797294,0.012916667120797294,0.0
2022-09-01 00:00:00+00:00,0.01323412713550386,0.013539682305048383,0.01323412713550386,0.013388889176504952,0.013388889176504952,0.0
2022-09-02 00:00:00+00:00,0.01337698433134291,0.013531746372344002,0.01323809510185605,0.01326984167098999,0.01326984167098999,0.0
2022-09-06 00:00:00+00:00,0.013468254180181594,0.013841269508240715,0.013400794021666997,0.013817460764022101,0.013817460764022101,0.0
2022-09-07 00:00:00+00:00,0.01378571419488816,0.01382142873037429,0.013460317301371741,0.013515872614724296,0.013515872614724296,0.0
2022-09-08 00:00:00+00:00,0.013436507611047654,0.013682539500887431,0.013349206674666632,0.013658729810563345,0.013658729810563345,0.0
2022-09-09 00:00:00+00:00,0.013678571534535241,0.013853174353402758,0.013591269652048746,0.013714286070021372,0.013714286070021372,0.0
2022-09-12 00:00:00+00:00,0.013555555116562616,0.013948413114699106,0.013543651217506045,0.013940476235889253,0.013940476235889253,0.0
2022-09-13 00:00:00+00:00,0.01374999965940203,0.014174603280566987,0.013706349191211518,0.013916666545565165,0.013916666545565165,0.0
2022-09-14 00:00:00+00:00,0.014011904360756042,0.014063491707756406,0.013753968571859693,0.013765873417021736,0.013765873417021736,0.0
2022-09-15 00:00:00+00:00,0.013876984043726845,0.013880952010079035,0.013702381224859329,0.013809523885212248,0.013809523885212248,0.0
2022-09-16 00:00:00+00:00,0.01382539669672648,0.014079365465376113,0.013773809349726118,0.01396428592621334,0.01396428592621334,0.0
2022-09-19 00:00:00+00:00,0.014134920778728667,0.014134920778728667,0.013837301541888525,0.013908730612860786,0.013908730612860786,0.0
2022-09-20 00:00:00+00:00,0.014178571246919177,0.014345238133082314,0.01403571405108013,0.014210317816053118,0.014210317816053118,0.0
2022-09-21 00:00:00+00:00,0.014031746084727938,0.014376983756110781,0.013936508269537063,0.013960317013755677,0.013960317013755677,0.0
2022-09-22 00:00:00+00:00,0.013904761700403123,0.014507936106787788,0.01389285685524108,0.014440475948273189,0.014440475948273189,0.0
2022-09-23 00:00:00+00:00,0.014563492366245814,0.014591270022922091,0.0141507935902429,0.014333333287920271,0.014333333287920271,0.0
2022-09-26 00:00:00+00:00,0.014571428298950195,0.014797619410923548,0.014333333287920271,0.014674602992950923,0.014674602992950923,0.0
2022-09-27 00:00:00+00:00,0.014642857369922456,0.015265872554173545,0.014642857369922456,0.015194444429306756,0.015194444429306756,0.0
2022-09-28 00:00:00+00:00,0.015230158964792887,0.015242063809954931,0.014555555487435961,0.014607142834436326,0.014607142834436326,0.0
2022-09-29 00:00:00+00:00,0.014968254263438875,0.015003967852819534,0.014587302056569901,0.0146547622150845,0.0146547622150845,0.0
2022-09-30 00:00:00+00:00,0.014547618608626108,0.014940476606762598,0.014460317672245086,0.014940476606762598,0.014940476606762598,0.0
2022-10-03 00:00:00+00:00,0.01465873018143669,0.014753967996627565,0.014440475948273189,0.014706349562084864,0.014706349562084864,0.0
2022-10-04 00:00:00+00:00,0.014527777830759684,0.014757936909085228,0.014468253604949468,0.014630952524760413,0.014630952524760413,0.0
2022-10-05 00:00:00+00:00,0.014873015502142527,0.015130952237144349,0.01484126987911406,0.014940476606762598,0.014940476606762598,0.0
2022-10-06 00:00:00+00:00,0.014896825192466615,0.015142857082306392,0.014813492222437783,0.015055555199819898,0.015055555199819898,0.0
2022-10-07 00:00:00+00:00,0.01501984161043924,0.015384921005793981,0.01501984161043924,0.015242063809954931,0.015242063809954931,0.0
2022-10-10 00:00:00+00:00,0.015269841466631209,0.015269841466631209,0.015269841466631209,0.015269841466631209,0.015269841466631209,0.0
2022-10-11 00:00:00+00:00,0.015376984126984126,0.01571825383201478,0.015289682244497633,0.015484126787337045,0.015484126787337045,0.0
2022-10-12 00:00:00+00:00,0.015619048050471715,0.015702381020500547,0.015373016160631936,0.015412698662470258,0.015412698662470258,0.0
2022-10-13 00:00:00+00:00,0.015301587089659676,0.015920635253664047,0.015261904587821356,0.015603174292852007,0.015603174292852007,0.0
2022-10-14 00:00:00+00:00,0.01539285693849836,0.015873015873015872,0.015269841466631209,0.015785713990529377,0.015785713990529377,0.0
2022-10-17 00:00:00+00:00,0.015658730552310034,0.015952380876692516,0.015579365548633393,0.015932539152720616,0.015932539152720616,0.0
2022-10-18 00:00:00+00:00,0.015932539152720616,0.01626587292504689,0.015876983839368062,0.015956348843044706,0.015956348843044706,0.0
2022-10-19 00:00:00+00:00,0.016210317611694336,0.016396825275723895,0.01615476229834178,0.01637301558539981,0.01637301558539981,0.0
2022-10-20 00:00:00+00:00,0.016424602932400174,0.016765872637430828,0.01634126996237134,0.01673015904805017,0.01673015904805017,0.0
2022-10-21 00:00:00+00:00,0.017297619865054174,0.017392856734139577,0.017007935614812942,0.017083332652137392,0.017083332652137392,0.0
2022-10-24 00:00:00+00:00,0.017119048133728994,0.017559524566408188,0.017051587029108927,0.017313491730462937,0.017313491730462937,0.0
2022-10-25 00:00:00+00:00,0.017142857824053084,0.017198413137405638,0.016765872637430828,0.01691666671207973,0.01691666671207973,0.0
2022-10-26 00:00:00+00:00,0.01665872997707791,0.01672619108169798,0.01644047669001988,0.01651984169369652,0.01651984169369652,0.0
2022-10-27 00:00:00+00:00,0.01658333293975346,0.01662698435404944,0.016111110884045796,0.016238095268370615,0.016238095268370615,0.0
2022-10-28 00:00:00+00:00,0.01634126996237134,0.0165476193503728,0.016174604022313677,0.016384921376667326,0.016384921376667326,0.0
2022-10-31 00:00:00+00:00,0.016388889343019516,0.016706349357726084,0.016388889343019516,0.016682539667401994,0.016682539667401994,0.0
2022-11-01 00:00:00+00:00,0.016130952608017696,0.016460316521780833,0.01608730119372171,0.01636507965269543,0.01636507965269543,0.0
2022-11-02 00:00:00+00:00,0.016289682615370976,0.016428570898752364,0.016107142917693607,0.016357143719991047,0.016357143719991047,0.0
2022-11-03 00:00:00+00:00,0.016682539667401994,0.016781746395050534,0.016424602932400174,0.01647619027940054,0.01647619027940054,0.0
2022-11-04 00:00:00+00:00,0.016682539667401994,0.016932540469699435,0.01659523873102097,0.016849205607459658,0.016849205607459658,0.0
2022-11-07 00:00:00+00:00,0.01673412701440236,0.017123016100081188,0.01673412701440236,0.017115080167376805,0.017115080167376805,0.0
2022-11-08 00:00:00+00:00,0.0170992064097571,0.01710714234246148,0.016817459984431193,0.016896824988107833,0.016896824988107833,0.0
2022-11-09 00:00:00+00:00,0.017039683130052354,0.017198413137405638,0.016853175466022795,0.017142857824053084,0.017142857824053084,0.0
2022-11-10 00:00:00+00:00,0.016936508436051625,0.01698809578305199,0.016182539955018057,0.01619444385407463,0.01619444385407463,0.0
2022-11-11 00:00:00+00:00,0.016103174951341417,0.016103174951341417,0.016103174951341417,0.016103174951341417,0.016103174951341417,0.0
2022-11-14 00:00:00+00:00,0.01616269823104616,0.016218253544398716,0.01598015853336879,0.016103174951341417,0.016103174951341417,0.0
2022-11-15 00:00:00+00:00,0.015892857596987768,0.015972222600664412,0.01571825383201478,0.015801587748149083,0.015801587748149083,0.0
2022-11-16 00:00:00+00:00,0.015678571330176458,0.015789682902987042,0.015305556002117339,0.01531745990117391,0.01531745990117391,0.0
2022-11-17 00:00:00+00:00,0.015468253975822813,0.015619048050471715,0.015384921005793981,0.015436508352794344,0.015436508352794344,0.0
2022-11-18 00:00:00+00:00,0.01549999959885128,0.01561111117166186,0.01531745990117391,0.015583333514985583,0.015583333514985583,0.0
2022-11-21 00:00:00+00:00,0.015484126787337045,0.01553571413433741,0.015321428813631572,0.01549603163249909,0.01549603163249909,0.0
2022-11-22 00:00:00+00:00,0.015444444285498725,0.015484126787337045,0.015154761927468436,0.015198412395658948,0.015198412395658948,0.0
2022-11-23 00:00:00+00:00,0.015158729893820626,0.015222222085983034,0.014829365033952017,0.01483730191276187,0.01483730191276187,0.0
2022-11-25 00:00:00+00:00,0.014916666916438512,0.015007936765277197,0.014849206757923913,0.014884920347304572,0.014884920347304572,0.0
2022-11-28 00:00:00+00:00,0.014753967996627565,0.014964285350981214,0.01469444471692282,0.01488095238095238,0.01488095238095238,0.0
2022-11-29 00:00:00+00:00,0.014869047535790337,0.015134920203496539,0.014817460188789973,0.015091269735306029,0.015091269735306029,0.0
2022-11-30 00:00:00+00:00,0.01502380957679143,0.015265872554173545,0.014999999886467344,0.01516666677263048,0.01516666677263048,0.0
2022-12-01 00:00:00+00:00,0.014615079713246179,0.014873015502142527,0.014412698291596911,0.014428571103111146,0.014428571103111146,0.0
2022-12-02 00:00:00+00:00,0.014380952668568444,0.01469444471692282,0.014119047967214433,0.014134920778728667,0.014134920778728667,0.0
2022-12-05 00:00:00+00:00,0.014138888745080857,0.014484127362569174,0.01410714312205239,0.014349206099434504,0.014349206099434504,0.0
2022-12-06 00:00:00+00:00,0.014158730469052755,0.014230158593919542,0.01397222185891772,0.013980158737727575,0.013980158737727575,0.0
2022-12-07 00:00:00+00:00,0.014126983899918814,0.014126983899918814,0.013543651217506045,0.013551587150210426,0.013551587150210426,0.0
2022-12-08 00:00:00+00:00,0.013714286070021372,0.013801587006402395,0.013591269652048746,0.013710317157563708,0.013710317157563708,0.0
2022-12-09 00:00:00+00:00,0.013726190915183416,0.014087301398080492,0.013686507467239623,0.014083333431728302,0.014083333431728302,0.0
2022-12-12 00:00:00+00:00,0.013948413114699106,0.014277777974567717,0.013845238420698378,0.014190476092081222,0.014190476092081222,0.0
2022-12-13 00:00:00+00:00,0.01407539655291845,0.014079365465376113,0.013710317157563708,0.01400000046169947,0.01400000046169947,0.0
2022-12-14 00:00:00+00:00,0.014123015933566622,0.014218253748757499,0.013996031549241807,0.014043650929889982,0.014043650929889982,0.0
2022-12-15 00:00:00+00:00,0.014083333431728302,0.0141507935902429,0.013706349191211518,0.013873016077374655,0.013873016077374655,0.0
2022-12-16 00:00:00+00:00,0.014099206243242537,0.014265873129405672,0.013936508269537063,0.014019841239565895,0.014019841239565895,0.0
2022-12-19 00:00:00+00:00,0.014396825480082679,0.01451587298559764,0.014337301254272461,0.014376983756110781,0.014376983756110781,0.0
2022-12-20 00:00:00+00:00,0.014746032063923185,0.014912698003980849,0.014690475804465157,0.014829365033952017,0.014829365033952017,0.0
2022-12-21 00:00:00+00:00,0.014773809720599463,0.01494444457311479,0.014650793302626837,0.014853174724276103,0.014853174724276103,0.0
2022-12-22 00:00:00+00:00,0.01480555534362793,0.014904762071276468,0.014757936909085228,0.014773809720599463,0.014773809720599463,0.0
2022-12-23 00:00:00+00:00,0.014960317384629022,0.015194444429306756,0.014920634882790702,0.015186507550496903,0.015186507550496903,0.0
2022-12-27 00:00:00+00:00,0.01535317443666004,0.015662698518662227,0.01535317443666004,0.015650793673500182,0.015650793673500182,0.0
2022-12-28 00:00:00+00:00,0.015468253975822813,0.015829365404825362,0.015448412251850915,0.015769841179015146,0.015769841179015146,0.0
2022-12-29 00:00:00+00:00,0.01572222179836697,0.015793650869339232,0.015468253975822813,0.01557142866982354,0.01557142866982354,0.0
2022-12-30 00:00:00+00:00,0.015666666485014417,0.015833333371177552,0.015595238360147628,0.015773809145367336,0.015773809145367336,0.0
2023-01-03 00:00:00+00:00,0.015325396779983763,0.015523809289175367,0.015194444429306756,0.015448412251850915,0.015448412251850915,0.0
2023-01-04 00:00:00+00:00,0.015027777543143621,0.015242063809954931,0.014920634882790702,0.015158729893820626,0.015158729893820626,0.0
2023-01-05 00:00:00+00:00,0.015198412395658948,0.015380952093336318,0.014999999886467344,0.015071428957439605,0.015071428957439605,0.0
2023-01-06 00:00:00+00:00,0.015115079425630115,0.015222222085983034,0.014591270022922091,0.014650793302626837,0.014650793302626837,0.0
2023-01-09 00:00:00+00:00,0.014777777686951652,0.014793650498465887,0.014452380793435233,0.014484127362569174,0.014484127362569174,0.0
2023-01-10 00:00:00+00:00,0.014666667060246543,0.01498015910860092,0.014638888457464793,0.014908730037628657,0.014908730037628657,0.0
2023-01-11 00:00:00+00:00,0.014642857369922456,0.014746032063923185,0.014591270022922091,0.014599205955626473,0.014599205955626473,0.0
2023-01-12 00:00:00+00:00,0.014380952668568444,0.014773809720599463,0.014166666401757134,0.014186508125729032,0.014186508125729032,0.0
2023-01-13 00:00:00+00:00,0.014376983756110781,0.014412698291596911,0.014119047967214433,0.014376983756110781,0.014376983756110781,0.0
2023-01-17 00:00:00+00:00,0.014626984558408223,0.014666667060246543,0.014349206099434504,0.01447222251740713,0.01447222251740713,0.0
2023-01-18 00:00:00+00:00,0.014226190627567352,0.014321428442758227,0.013976190771375383,0.014055555775052025,0.014055555775052025,0.0
2023-01-19 00:00:00+00:00,0.014178571246919177,0.014277777974567717,0.014095238276890345,0.014158730469052755,0.014158730469052755,0.0
2023-01-20 00:00:00+00:00,0.014301587664891802,0.014555555487435961,0.01425000031789144,0.014507936106787788,0.014507936106787788,0.0
2023-01-23 00:00:00+00:00,0.014607142834436326,0.014753967996627565,0.014567460332598006,0.014646825336274646,0.014646825336274646,0.0
2023-01-24 00:00:00+00:00,0.014607142834436326,0.014742063151465522,0.01429365078608195,0.014376983756110781,0.014376983756110781,0.0
2023-01-25 00:00:00+00:00,0.014246031405433776,0.014468253604949468,0.014214285782405309,0.014376983756110781,0.014376983756110781,0.0
2023-01-26 00:00:00+00:00,0.014448412827083043,0.014650793302626837,0.014246031405433776,0.014396825480082679,0.014396825480082679,0.0
2023-01-27 00:00:00+00:00,0.014563492366245814,0.014595237989274283,0.014396825480082679,0.014416666257949103,0.014416666257949103,0.0
2023-01-30 00:00:00+00:00,0.014523809864407494,0.014583333144112238,0.014357142978244357,0.014523809864407494,0.014523809864407494,0.0
2023-01-31 00:00:00+00:00,0.014484127362569174,0.014619047679598368,0.014369047823406401,0.014527777830759684,0.014527777830759684,0.0
2023-02-01 00:00:00+00:00,0.014301587664891802,0.014464285638597276,0.014023809205918085,0.01407539655291845,0.01407539655291845,0.0
2023-02-02 00:00:00+00:00,0.014055555775052025,0.014138888745080857,0.013880952010079035,0.01410714312205239,0.01410714312205239,0.0
2023-02-03 00:00:00+00:00,0.014051586862594362,0.014539682675921728,0.014027778118375748,0.014396825480082679,0.014396825480082679,0.0
2023-02-06 00:00:00+00:00,0.01451587298559764,0.014638888457464793,0.014488095328921364,0.014571428298950195,0.014571428298950195,0.0
2023-02-07 00:00:00+00:00,0.014678570959303115,0.01476587284178961,0.014531745797111875,0.014702380649627202,0.014702380649627202,0.0
2023-02-08 00:00:00+00:00,0.014702380649627202,0.014888889259762235,0.014634920491112603,0.014722222373599098,0.014722222373599098,0.0
2023-02-09 00:00:00+00:00,0.01447222251740713,0.014873015502142527,0.014400793446434869,0.014857142690628294,0.014857142690628294,0.0
2023-02-10 00:00:00+00:00,0.014932539727952745,0.015226190052335225,0.014857142690628294,0.015186507550496903,0.015186507550496903,0.0
2023-02-13 00:00:00+00:00,0.015111111459277925,0.01516666677263048,0.014936507694304936,0.015043650354657854,0.015043650354657854,0.0
2023-02-14 00:00:00+00:00,0.01494841253946698,0.015246031776307121,0.014781745653303842,0.015087301768953837,0.015087301768953837,0.0
2023-02-15 00:00:00+00:00,0.01498412707495311,0.015369047248174273,0.01498412707495311,0.015293651156955294,0.015293651156955294,0.0
2023-02-16 00:00:00+00:00,0.015341269591497996,0.015523809289175367,0.015309523968469529,0.015492063666146898,0.015492063666146898,0.0
2023-02-17 00:00:00+00:00,0.015595238360147628,0.01568253929652865,0.01539285693849836,0.01542857147398449,0.01542857147398449,0.0
2023-02-21 00:00:00+00:00,0.015615079138014052,0.01579761883569142,0.01556746070347135,0.015781746024177187,0.015781746024177187,0.0
2023-02-22 00:00:00+00:00,0.015694444141690692,0.0157579363338531,0.01549999959885128,0.015587301481337775,0.015587301481337775,0.0
2023-02-23 00:00:00+00:00,0.015634920861985948,0.015738095555986677,0.015293651156955294,0.015384921005793981,0.015384921005793981,0.0
2023-02-24 00:00:00+00:00,0.015484126787337045,0.01572222179836697,0.01539285693849836,0.015626983983176097,0.015626983983176097,0.0
2023-02-27 00:00:00+00:00,0.015742063522338867,0.015746031488691057,0.015472221942175002,0.015547618979499453,0.015547618979499453,0.0
2023-02-28 00:00:00+00:00,0.015698413054148357,0.015785713990529377,0.015559523824661498,0.015599206326499818,0.015599206326499818,0.0
2023-03-01 00:00:00+00:00,0.015563491791013687,0.015809523680853466,0.015547618979499453,0.015686508208986313,0.015686508208986313,0.0
2023-03-02 00:00:00+00:00,0.015876983839368062,0.016059523537045435,0.01586111102785383,0.015956348843044706,0.015956348843044706,0.0
2023-03-03 00:00:00+00:00,0.015666666485014417,0.015678571330176458,0.015412698662470258,0.015424603507632301,0.015424603507632301,0.0
2023-03-06 00:00:00+00:00,0.01520238130811661,0.015551586945851644,0.01517460270533486,0.015527778201633029,0.015527778201633029,0.0
2023-03-07 00:00:00+00:00,0.015373016160631936,0.015603174292852007,0.015277777399335588,0.01542857147398449,0.01542857147398449,0.0
2023-03-08 00:00:00+00:00,0.015309523968469529,0.015480158820984856,0.015158729893820626,0.01538888897214617,0.01538888897214617,0.0
2023-03-09 00:00:00+00:00,0.015543651013147263,0.015563491791013687,0.015265872554173545,0.015361111315469893,0.015361111315469893,0.0
2023-03-10 00:00:00+00:00,0.015075396923791794,0.015269841466631209,0.014603174868084136,0.014682539871760778,0.014682539871760778,0.0
2023-03-13 00:00:00+00:00,0.014214285782405309,0.01462301564595056,0.013992063582889618,0.014547618608626108,0.014547618608626108,0.0
2023-03-14 00:00:00+00:00,0.014738095185113332,0.015067460044981941,0.014642857369922456,0.014924602849142892,0.014924602849142892,0.0
2023-03-15 00:00:00+00:00,0.014650793302626837,0.014785714565761506,0.01429761875243414,0.014630952524760413,0.014630952524760413,0.0
2023-03-16 00:00:00+00:00,0.014365078910948738,0.0147698408081418,0.014202380937243264,0.014738095185113332,0.014738095185113332,0.0
2023-03-17 00:00:00+00:00,0.014492063295273553,0.014492063295273553,0.014226190627567352,0.014277777974567717,0.014277777974567717,0.0
2023-03-20 00:00:00+00:00,0.014380952668568444,0.014619047679598368,0.014345238133082314,0.014535714709569537,0.014535714709569537,0.0
2023-03-21 00:00:00+00:00,0.014793650498465887,0.014873015502142527,0.014674602992950923,0.014829365033952017,0.014829365033952017,0.0
2023-03-22 00:00:00+00:00,0.014952380505819169,0.014960317384629022,0.014547618608626108,0.014674602992950923,0.014674602992950923,0.0
2023-03-23 00:00:00+00:00,0.014630952524760413,0.014865079569438147,0.014563492366245814,0.014611110800788515,0.014611110800788515,0.0
2023-03-24 00:00:00+00:00,0.014369047823406401,0.014571428298950195,0.014337301254272461,0.014460317672245086,0.014460317672245086,0.0
2023-03-27 00:00:00+00:00,0.014710317528437055,0.01494444457311479,0.0146547622150845,0.014920634882790702,0.014920634882790702,0.0
2023-03-28 00:00:00+00:00,0.014904762071276468,0.015039682388305664,0.014861110656980484,0.015011904731629387,0.015011904731629387,0.0
2023-03-29 00:00:00+00:00,0.014996031920115152,0.015138889115954202,0.01494841253946698,0.014992063953762963,0.014992063953762963,0.0
2023-03-30 00:00:00+00:00,0.014916666916438512,0.01501984161043924,0.01483730191276187,0.014865079569438147,0.014865079569438147,0.0
2023-03-31 00:00:00+00:00,0.014833333000304207,0.014861110656980484,0.014634920491112603,0.014638888457464793,0.014638888457464793,0.0
2023-04-03 00:00:00+00:00,0.014666667060246543,0.014686507838112968,0.014337301254272461,0.014460317672245086,0.014460317672245086,0.0
2023-04-04 00:00:00+00:00,0.014599205955626473,0.014626984558408223,0.014206348903595454,0.014261905163053482,0.014261905163053482,0.0
2023-04-05 00:00:00+00:00,0.014158730469052755,0.014305555631243994,0.01410714312205239,0.014119047967214433,0.014119047967214433,0.0
2023-04-06 00:00:00+00:00,0.014119047967214433,0.01414682562389071,0.013996031549241807,0.014047618896242172,0.014047618896242172,0.0
2023-04-10 00:00:00+00:00,0.014222222661215162,0.014468253604949468,0.014166666401757134,0.014388888601272826,0.014388888601272826,0.0
2023-04-11 00:00:00+00:00,0.014365078910948738,0.01447222251740713,0.014277777974567717,0.014369047823406401,0.014369047823406401,0.0
2023-04-12 00:00:00+00:00,0.014444444860730852,0.014714285494789245,0.014226190627567352,0.014496032207731217,0.014496032207731217,0.0
2023-04-13 00:00:00+00:00,0.014500000174083406,0.014646825336274646,0.014341270166730124,0.014630952524760413,0.014630952524760413,0.0
2023-04-14 00:00:00+00:00,0.014690475804465157,0.014896825192466615,0.01465873018143669,0.01483730191276187,0.01483730191276187,0.0
2023-04-17 00:00:00+00:00,0.014936507694304936,0.015130952237144349,0.014904762071276468,0.015099206614115882,0.015099206614115882,0.0
2023-04-18 00:00:00+00:00,0.015039682388305664,0.015150793961116247,0.014956349418276832,0.015027777543143621,0.015027777543143621,0.0
2023-04-19 00:00:00+00:00,0.01520238130811661,0.01521031724082099,0.015031746455601283,0.015035714421953474,0.015035714421953474,0.0
2023-04-20 00:00:00+00:00,0.014940476606762598,0.014996031920115152,0.01480158737727574,0.014892857226114425,0.014892857226114425,0.0
2023-04-21 00:00:00+00:00,0.014888889259762235,0.01502380957679143,0.014777777686951652,0.014992063953762963,0.014992063953762963,0.0
2023-04-24 00:00:00+00:00,0.014896825192466615,0.014896825192466615,0.014757936909085228,0.014793650498465887,0.014793650498465887,0.0
2023-04-25 00:00:00+00:00,0.014595237989274283,0.014611110800788515,0.014416666257949103,0.014488095328921364,0.014488095328921364,0.0
2023-04-26 00:00:00+00:00,0.01451984095194983,0.014706349562084864,0.014404762358892532,0.014638888457464793,0.014638888457464793,0.0
2023-04-27 00:00:00+00:00,0.01473015830630348,0.014952380505819169,0.014718254407246908,0.014904762071276468,0.014904762071276468,0.0
2023-04-28 00:00:00+00:00,0.014702380649627202,0.014750000030275375,0.014543650642273918,0.014595237989274283,0.014595237989274283,0.0
2023-05-01 00:00:00+00:00,0.01484126987911406,0.01516269880627829,0.01469444471692282,0.015150793961116247,0.015150793961116247,0.0
2023-05-02 00:00:00+00:00,0.015003967852819534,0.015099206614115882,0.014742063151465522,0.014813492222437783,0.014813492222437783,0.0
2023-05-03 00:00:00+00:00,0.01469841268327501,0.014777777686951652,0.014535714709569537,0.014742063151465522,0.014742063151465522,0.0
2023-05-04 00:00:00+00:00,0.014718254407246908,0.014896825192466615,0.014599205955626473,0.014773809720599463,0.014773809720599463,0.0
2023-05-05 00:00:00+00:00,0.014865079569438147,0.015075396923791794,0.014865079569438147,0.014928571761600555,0.014928571761600555,0.0
2023-05-08 00:00:00+00:00,0.015091269735306029,0.015218254119630844,0.015091269735306029,0.015218254119630844,0.015218254119630844,0.0
2023-05-09 00:00:00+00:00,0.015103174580468072,0.015297619123307486,0.015083333802601647,0.015269841466631209,0.015269841466631209,0.0
2023-05-10 00:00:00+00:00,0.015154761927468436,0.015234126931145078,0.015043650354657854,0.015075396923791794,0.015075396923791794,0.0
2023-05-11 00:00:00+00:00,0.014960317384629022,0.014960317384629022,0.014750000030275375,0.014873015502142527,0.014873015502142527,0.0
2023-05-12 00:00:00+00:00,0.014924602849142892,0.014992063953762963,0.014797619410923548,0.0149880950413053,0.0149880950413053,0.0
2023-05-15 00:00:00+00:00,0.01516666677263048,0.015257936621469164,0.015079364890143984,0.015246031776307121,0.015246031776307121,0.0
2023-05-16 00:00:00+00:00,0.015226190052335225,0.015488095699794709,0.015226190052335225,0.015361111315469893,0.015361111315469893,0.0
2023-05-17 00:00:00+00:00,0.015218254119630844,0.01542857147398449,0.015218254119630844,0.01538888897214617,0.01538888897214617,0.0
2023-05-18 00:00:00+00:00,0.015436508352794344,0.015547618979499453,0.015432539440336682,0.015480158820984856,0.015480158820984856,0.0
2023-05-19 00:00:00+00:00,0.015587301481337775,0.015714285865662588,0.01553174616798522,0.015666666485014417,0.015666666485014417,0.0
2023-05-22 00:00:00+00:00,0.015666666485014417,0.015765873212662953,0.015551586945851644,0.015753968367500912,0.015753968367500912,0.0
2023-05-23 00:00:00+00:00,0.015817460559663318,0.015884919772072445,0.015642856794690328,0.015678571330176458,0.015678571330176458,0.0
2023-05-24 00:00:00+00:00,0.015559523824661498,0.015785713990529377,0.015555555858309306,0.015734126643529012,0.015734126643529012,0.0
2023-05-25 00:00:00+00:00,0.015805555714501276,0.01590872946239653,0.015702381020500547,0.015884919772072445,0.015884919772072445,0.0
2023-05-26 00:00:00+00:00,0.01576190430020529,0.01588888963063558,0.015690476175338502,0.015750000401148722,0.015750000401148722,0.0
2023-05-30 00:00:00+00:00,0.015448412251850915,0.015626983983176097,0.015396825850956024,0.015488095699794709,0.015488095699794709,0.0
2023-05-31 00:00:00+00:00,0.015337301625145806,0.015488095699794709,0.015285714278145441,0.015301587089659676,0.015301587089659676,0.0
2023-06-01 00:00:00+00:00,0.015269841466631209,0.015289682244497633,0.015087301768953837,0.01521031724082099,0.01521031724082099,0.0
2023-06-02 00:00:00+00:00,0.01521031724082099,0.015420634595174638,0.015190476462954567,0.015404761783660405,0.015404761783660405,0.0
2023-06-05 00:00:00+00:00,0.015630951949528286,0.015658730552310034,0.015325396779983763,0.015436508352794344,0.015436508352794344,0.0
2023-06-06 00:00:00+00:00,0.015400793817308214,0.015555555858309306,0.015345238503955659,0.015373016160631936,0.015373016160631936,0.0
2023-06-07 00:00:00+00:00,0.01535317443666004,0.01568253929652865,0.015337301625145806,0.015642856794690328,0.015642856794690328,0.0
2023-06-08 00:00:00+00:00,0.015773809145367336,0.015793650869339232,0.015400793817308214,0.015404761783660405,0.015404761783660405,0.0
2023-06-09 00:00:00+00:00,0.01557539663617573,0.01557539663617573,0.015369047248174273,0.015424603507632301,0.015424603507632301,0.0
2023-06-12 00:00:00+00:00,0.015349206470307849,0.015623016016823905,0.015281746311793252,0.015503968511308943,0.015503968511308943,0.0
2023-06-13 00:00:00+00:00,0.015321428813631572,0.015654761639852372,0.015226190052335225,0.015638888828338138,0.015638888828338138,0.0
2023-06-14 00:00:00+00:00,0.015583333514985583,0.015646825707147993,0.015365079281822083,0.015400793817308214,0.015400793817308214,0.0
2023-06-15 00:00:00+00:00,0.015440476319146535,0.015503968511308943,0.015087301768953837,0.015269841466631209,0.015269841466631209,0.0
2023-06-16 00:00:00+00:00,0.015289682244497633,0.01542857147398449,0.015186507550496903,0.015297619123307486,0.015297619123307486,0.0
2023-06-20 00:00:00+00:00,0.015222222085983034,0.015325396779983763,0.015083333802601647,0.015150793961116247,0.015150793961116247,0.0
2023-06-21 00:00:00+00:00,0.015269841466631209,0.015373016160631936,0.015091269735306029,0.015111111459277925,0.015111111459277925,0.0
2023-06-22 00:00:00+00:00,0.015182539584144714,0.015396825850956024,0.015119047391982306,0.015365079281822083,0.015365079281822083,0.0
2023-06-23 00:00:00+00:00,0.015142857082306392,0.015238094897497268,0.015027777543143621,0.01516269880627829,0.01516269880627829,0.0
2023-06-26 00:00:00+00:00,0.015035714421953474,0.015194444429306756,0.014956349418276832,0.015154761927468436,0.015154761927468436,0.0
2023-06-27 00:00:00+00:00,0.015099206614115882,0.015277777399335588,0.01502380957679143,0.015238094897497268,0.015238094897497268,0.0
2023-06-28 00:00:00+00:00,0.015126984270792159,0.015277777399335588,0.01505952411227756,0.015091269735306029,0.015091269735306029,0.0
2023-06-29 00:00:00+00:00,0.015206349274468801,0.015583333514985583,0.015206349274468801,0.015527778201633029,0.015527778201633029,0.0
2023-06-30 00:00:00+00:00,0.01549999959885128,0.015543651013147263,0.015273809432983398,0.015297619123307486,0.015297619123307486,0.0
2023-07-03 00:00:00+00:00,0.01539285693849836,0.015404761783660405,0.015126984270792159,0.01535714240301223,0.01535714240301223,0.0
2023-07-05 00:00:00+00:00,0.015424603507632301,0.01568253929652865,0.015416666628822448,0.015650793673500182,0.015650793673500182,0.0
2023-07-06 00:00:00+00:00,0.015694444141690692,0.015960316809396895,0.015694444141690692,0.015884919772072445,0.015884919772072445,0.0
2023-07-07 00:00:00+00:00,0.0159761905670166,0.01611507885039799,0.015817460559663318,0.01600793619004507,0.01600793619004507,0.0
2023-07-10 00:00:00+00:00,0.0160912691600739,0.016210317611694336,0.015972222600664412,0.016043651671636672,0.016043651671636672,0.0
2023-07-11 00:00:00+00:00,0.01593650711907281,0.016035713846721346,0.015873015873015872,0.015948412910340323,0.015948412910340323,0.0
2023-07-12 00:00:00+00:00,0.015916667287311857,0.015956348843044706,0.015623016016823905,0.015678571330176458,0.015678571330176458,0.0
2023-07-13 00:00:00+00:00,0.015634920861985948,0.015686508208986313,0.015440476319146535,0.015456349130660768,0.015456349130660768,0.0
2023-07-14 00:00:00+00:00,0.015480158820984856,0.015583333514985583,0.01539285693849836,0.01556746070347135,0.01556746070347135,0.0
2023-07-17 00:00:00+00:00,0.015468253975822813,0.015666666485014417,0.015468253975822813,0.01556746070347135,0.01556746070347135,0.0
2023-07-18 00:00:00+00:00,0.015472221942175002,0.015543651013147263,0.015420634595174638,0.015480158820984856,0.015480158820984856,0.0
2023-07-19 00:00:00+00:00,0.015337301625145806,0.01549603163249909,0.015230158964792887,0.015234126931145078,0.015234126931145078,0.0
2023-07-20 00:00:00+00:00,0.015313491934821719,0.015587301481337775,0.015305556002117339,0.015515873356470986,0.015515873356470986,0.0
2023-07-21 00:00:00+00:00,0.015424603507632301,0.015503968511308943,0.015361111315469893,0.015503968511308943,0.015503968511308943,0.0
2023-07-24 00:00:00+00:00,0.015412698662470258,0.015583333514985583,0.01539285693849836,0.015555555858309306,0.015555555858309306,0.0
2023-07-25 00:00:00+00:00,0.015650793673500182,0.0157103178993104,0.015559523824661498,0.015694444141690692,0.015694444141690692,0.0
2023-07-26 00:00:00+00:00,0.015619048050471715,0.015690476175338502,0.01549999959885128,0.015587301481337775,0.015587301481337775,0.0
2023-07-27 00:00:00+00:00,0.015666666485014417,0.016146824473426455,0.015623016016823905,0.016103174951341417,0.016103174951341417,0.0
2023-07-28 00:00:00+00:00,0.0159761905670166,0.016099206984989227,0.015916667287311857,0.015992064324636308,0.015992064324636308,0.0
2023-07-31 00:00:00+00:00,0.015964284775749085,0.016019841981312587,0.015829365404825362,0.015948412910340323,0.015948412910340323,0.0
2023-08-01 00:00:00+00:00,0.016059523537045435,0.016329364171103825,0.016055555570693242,0.016289682615370976,0.016289682615370976,0.0
2023-08-02 00:00:00+00:00,0.016285714649018786,0.0166984134250217,0.01627380885775127,0.016527777626400904,0.016527777626400904,0.0
2023-08-03 00:00:00+00:00,0.01688492108905126,0.017162697655814036,0.016853175466022795,0.017079364685785203,0.017079364685785203,0.0
2023-08-04 00:00:00+00:00,0.01701587343972827,0.01716666751437717,0.016714285290430463,0.01672222311534579,0.01672222311534579,0.0
2023-08-07 00:00:00+00:00,0.016948412335108198,0.016948412335108198,0.016781746395050534,0.016896824988107833,0.016896824988107833,0.0
2023-08-08 00:00:00+00:00,0.016603174663725354,0.01673412701440236,0.016496032003372435,0.016682539667401994,0.016682539667401994,0.0
2023-08-09 00:00:00+00:00,0.016694443566458567,0.016694443566458567,0.01652380966004871,0.01658333293975346,0.01658333293975346,0.0
2023-08-10 00:00:00+00:00,0.016503967936076815,0.016888889055403453,0.01644841262272426,0.016829365775698706,0.016829365775698706,0.0
2023-08-11 00:00:00+00:00,0.016932540469699435,0.017027777338784838,0.0168333337420509,0.016952380301460387,0.016952380301460387,0.0
2023-08-14 00:00:00+00:00,0.016948412335108198,0.01706349282037644,0.016825395917135572,0.01698809578305199,0.01698809578305199,0.0
2023-08-15 00:00:00+00:00,0.017186507346138122,0.017416666424463666,0.01701587343972827,0.017138887965489947,0.017138887965489947,0.0
2023-08-16 00:00:00+00:00,0.017138887965489947,0.017305555797758557,0.01710714234246148,0.017305555797758557,0.017305555797758557,0.0
2023-08-17 00:00:00+00:00,0.017452380013844325,0.017563492532760377,0.017420634390815856,0.017507937219407823,0.017507937219407823,0.0
2023-08-18 00:00:00+00:00,0.017321427663167317,0.017488095495435927,0.017265872349814762,0.017376984868730818,0.017376984868730818,0.0
2023-08-21 00:00:00+00:00,0.017599206122141036,0.01775396816314213,0.017567460499112567,0.017682539092169866,0.017682539092169866,0.0
2023-08-22 00:00:00+00:00,0.017535714876084102,0.017682539092169866,0.01747618970416841,0.017499999394492496,0.017499999394492496,0.0
2023-08-23 00:00:00+00:00,0.01735317517840673,0.01736904704381549,0.016999999682108562,0.016999999682108562,0.016999999682108562,0.0
2023-08-24 00:00:00+00:00,0.01706349282037644,0.01709523844340491,0.01692460264478411,0.017067460786728633,0.017067460786728633,0.0
2023-08-25 00:00:00+00:00,0.017047619062756734,0.017158729689461843,0.016932540469699435,0.017039683130052354,0.017039683130052354,0.0
2023-08-28 00:00:00+00:00,0.016932540469699435,0.017075396719433013,0.016876983264135937,0.017027777338784838,0.017027777338784838,0.0
2023-08-29 00:00:00+00:00,0.017035715163700164,0.017115080167376805,0.016710317324078273,0.016813492018079,0.016813492018079,0.0
2023-08-30 00:00:00+00:00,0.01688095312269907,0.016948412335108198,0.01672222311534579,0.016777778428698344,0.016777778428698344,0.0
2023-08-31 00:00:00+00:00,0.01670238139137389,0.016761904671078638,0.016587300906105648,0.016682539667401994,0.016682539667401994,0.0
2023-09-01 00:00:00+00:00,0.01672619108169798,0.017115080167376805,0.01666666590978229,0.017003967648460752,0.017003967648460752,0.0
2023-09-05 00:00:00+00:00,0.017214285002814397,0.017380952835083008,0.017174603447081552,0.0173650790774633,0.0173650790774633,0.0
2023-09-06 00:00:00+00:00,0.017265872349814762,0.017400794559054904,0.017234126726786297,0.017297619865054174,0.017297619865054174,0.0
2023-09-07 00:00:00+00:00,0.017317459696815127,0.01736904704381549,0.017242062659490676,0.0172698422083779,0.0172698422083779,0.0
2023-09-08 00:00:00+00:00,0.017309523764110747,0.017309523764110747,0.01706349282037644,0.01719047531249031,0.01719047531249031,0.0
2023-09-11 00:00:00+00:00,0.017357143144758922,0.017400794559054904,0.017297619865054174,0.01736904704381549,0.01736904704381549,0.0
2023-09-12 00:00:00+00:00,0.017341269387139216,0.017392856734139577,0.017238094693138487,0.017246032518053813,0.017246032518053813,0.0
2023-09-13 00:00:00+00:00,0.017361111111111112,0.01744841204749213,0.01717063548072936,0.017210317036462208,0.017210317036462208,0.0
2023-09-14 00:00:00+00:00,0.017206349070110018,0.01744841204749213,0.01717063548072936,0.017400794559054904,0.017400794559054904,0.0
2023-09-15 00:00:00+00:00,0.017488095495435927,0.01754761877514067,0.017416666424463666,0.017503967360844686,0.017503967360844686,0.0
2023-09-18 00:00:00+00:00,0.017511905185760013,0.017611111913408552,0.017432540182083373,0.017444444081139942,0.017444444081139942,0.0
2023-09-19 00:00:00+00:00,0.017515873152112203,0.017607142054845416,0.017436508148435562,0.017571428465464757,0.017571428465464757,0.0
2023-09-20 00:00:00+00:00,0.017499999394492496,0.017571428465464757,0.017392856734139577,0.01746428580511184,0.01746428580511184,0.0
2023-09-21 00:00:00+00:00,0.01786904675619943,0.01812698349120125,0.01786904675619943,0.018063492245144315,0.018063492245144315,0.0
2023-09-22 00:00:00+00:00,0.018103173800877163,0.018134921316116576,0.01790079427143884,0.01794047582717169,0.01794047582717169,0.0
2023-09-25 00:00:00+00:00,0.018289683357117666,0.018503968677823505,0.018253967875526064,0.01848412695385161,0.01848412695385161,0.0
2023-09-26 00:00:00+00:00,0.018277777565850153,0.018650792893909272,0.018277777565850153,0.018634921028500513,0.018634921028500513,0.0
2023-09-27 00:00:00+00:00,0.018424603674146865,0.018809522901262556,0.018345238670470224,0.018777777278234088,0.018777777278234088,0.0
2023-09-28 00:00:00+00:00,0.01884127041650197,0.019079365427531893,0.018710318065824964,0.018765873379177518,0.018765873379177518,0.0
2023-09-29 00:00:00+00:00,0.018611111338176424,0.018702380240909637,0.018444443505907817,0.018694444308205257,0.018694444308205257,0.0
2023-10-02 00:00:00+00:00,0.018849206349206348,0.01912301494961693,0.018801586968558177,0.019027778080531528,0.019027778080531528,0.0
2023-10-03 00:00:00+00:00,0.01928968278188554,0.019642856385972764,0.019158730431208536,0.0195912690389724,0.0195912690389724,0.0
2023-10-04 00:00:00+00:00,0.01937301575191437,0.019523809826563276,0.019273809024265835,0.019353174027942475,0.019353174027942475,0.0
2023-10-05 00:00:00+00:00,0.01937301575191437,0.019559523415943934,0.01929761871458992,0.019388889509534078,0.019388889509534078,0.0
2023-10-06 00:00:00+00:00,0.019452380755591015,0.02005158719562349,0.019440476856534442,0.019607142796592106,0.019607142796592106,0.0
2023-10-09 00:00:00+00:00,0.019702381557888456,0.019702381557888456,0.019702381557888456,0.019702381557888456,0.019702381557888456,0.0
2023-10-10 00:00:00+00:00,0.019365079819209992,0.019496032169886997,0.019047619804503427,0.019170634330265106,0.019170634330265106,0.0
2023-10-11 00:00:00+00:00,0.018805554934910367,0.018928571352882992,0.018710318065824964,0.018801586968558177,0.018801586968558177,0.0
2023-10-12 00:00:00+00:00,0.018599205546908908,0.019384921543181888,0.018591269614204528,0.01932936433761839,0.01932936433761839,0.0
2023-10-13 00:00:00+00:00,0.018944445110502698,0.0190396819795881,0.018809522901262556,0.018968254800826784,0.018968254800826784,0.0
2023-10-16 00:00:00+00:00,0.019269841057913645,0.019380951684618754,0.019162698397560726,0.019309524505857437,0.019309524505857437,0.0
2023-10-17 00:00:00+00:00,0.01948809434497167,0.019781746561565096,0.019460316688295395,0.019642856385972764,0.019642856385972764,0.0
2023-10-18 00:00:00+00:00,0.019607142796592106,0.01995634843432714,0.019595238897535536,0.019821428117297944,0.019821428117297944,0.0
2023-10-19 00:00:00+00:00,0.019996031882270934,0.020269840482681517,0.01975396890488882,0.020250000650920565,0.020250000650920565,0.0
2023-10-20 00:00:00+00:00,0.020269840482681517,0.02041269862462604,0.020067460953243195,0.02019444533756801,0.02019444533756801,0.0
2023-10-23 00:00:00+00:00,0.020444444247654507,0.020444444247654507,0.019714285456945025,0.01979761842697386,0.01979761842697386,0.0
2023-10-24 00:00:00+00:00,0.019896825154622395,0.019932538744003053,0.01969444373297313,0.01969444373297313,0.01969444373297313,0.0
2023-10-25 00:00:00+00:00,0.019742063113621304,0.02023015892694867,0.019742063113621304,0.020206349236624583,0.020206349236624583,0.0
2023-10-26 00:00:00+00:00,0.02023412689330086,0.02030555596427312,0.019785714527917286,0.01979365046062167,0.01979365046062167,0.0
2023-10-27 00:00:00+00:00,0.019928570777650863,0.020138888132004512,0.01986904749794612,0.019932538744003053,0.019932538744003053,0.0
2023-10-30 00:00:00+00:00,0.020075396885947575,0.020218253135681152,0.01995634843432714,0.019980158124651228,0.019980158124651228,0.0
2023-10-31 00:00:00+00:00,0.01969444373297313,0.01995634843432714,0.01966666607629685,0.019928570777650863,0.019928570777650863,0.0
2023-11-01 00:00:00+00:00,0.020079364852299764,0.02015079392327203,0.01961507872929649,0.019742063113621304,0.019742063113621304,0.0
2023-11-02 00:00:00+00:00,0.019309524505857437,0.019333334196181523,0.019003968390207442,0.019130952774532257,0.019130952774532257,0.0
2023-11-03 00:00:00+00:00,0.018992062598939926,0.019031746046883718,0.018547618199908543,0.01885714228191073,0.01885714228191073,0.0
2023-11-06 00:00:00+00:00,0.01901587228926401,0.01919444402058919,0.019007936356559632,0.019174602296617296,0.019174602296617296,0.0
2023-11-07 00:00:00+00:00,0.018980158699883357,0.019003968390207442,0.01867857055058555,0.018789683069501604,0.018789683069501604,0.0
2023-11-08 00:00:00+00:00,0.0186587307188246,0.018710318065824964,0.01838492022620307,0.01847619102114723,0.01847619102114723,0.0
2023-11-09 00:00:00+00:00,0.018638888994852703,0.019186508087884812,0.01855158805847168,0.018956349009559267,0.018956349009559267,0.0
2023-11-10 00:00:00+00:00,0.018694444308205257,0.01884523838285416,0.01867063461788117,0.018781745244586277,0.018781745244586277,0.0
2023-11-13 00:00:00+00:00,0.018865080106826054,0.019079365427531893,0.018789683069501604,0.018825396658882262,0.018825396658882262,0.0
2023-11-14 00:00:00+00:00,0.018769841345529708,0.018992062598939926,0.01823015818520198,0.018337300845554898,0.018337300845554898,0.0
2023-11-15 00:00:00+00:00,0.018388888192555262,0.018718253998529343,0.018361110535878983,0.018619047270880804,0.018619047270880804,0.0
2023-11-16 00:00:00+00:00,0.01847619102114723,0.018496030852908178,0.018281745532202343,0.01834127070411803,0.01834127070411803,0.0
2023-11-17 00:00:00+00:00,0.018210318353441026,0.018357142569526794,0.018146825215173145,0.018242063976469495,0.018242063976469495,0.0
2023-11-20 00:00:00+00:00,0.018357142569526794,0.01840079398382278,0.01809126990182059,0.018154761147877528,0.018154761147877528,0.0
2023-11-21 00:00:00+00:00,0.018071428177848695,0.018289683357117666,0.01804365052117242,0.018174602871849424,0.018174602871849424,0.0
2023-11-22 00:00:00+00:00,0.01794841175987607,0.018170634905497234,0.017928571928115117,0.01804365052117242,0.01804365052117242,0.0
2023-11-24 00:00:00+00:00,0.018242063976469495,0.018325396946498325,0.018210318353441026,0.01826587366679358,0.01826587366679358,0.0
2023-11-27 00:00:00+00:00,0.018242063976469495,0.018249999909173874,0.01797619130876329,0.017988095207819865,0.017988095207819865,0.0
2023-11-28 00:00:00+00:00,0.01801190489814395,0.018134921316116576,0.01790476223779103,0.017952381618439206,0.017952381618439206,0.0
2023-11-29 00:00:00+00:00,0.017817459409199064,0.01790873020414322,0.017619047846112932,0.017662699260408917,0.017662699260408917,0.0
2023-11-30 00:00:00+00:00,0.01771825457376147,0.017920634103199794,0.017678571125817676,0.01790873020414322,0.01790873020414322,0.0
2023-12-01 00:00:00+00:00,0.01782539723411439,0.01793253989446731,0.017452380013844325,0.01753174690973191,0.01753174690973191,0.0
2023-12-04 00:00:00+00:00,0.017519841118464396,0.017694444883437382,0.017511905185760013,0.017611111913408552,0.017611111913408552,0.0
2023-12-05 00:00:00+00:00,0.017388888767787387,0.017392856734139577,0.017067460786728633,0.017083332652137392,0.017083332652137392,0.0
2023-12-06 00:00:00+00:00,0.0170992064097571,0.01710714234246148,0.016710317324078273,0.016761904671078638,0.016761904671078638,0.0
2023-12-07 00:00:00+00:00,0.016960318126375714,0.01698809578305199,0.016714285290430463,0.016849205607459658,0.016849205607459658,0.0
2023-12-08 00:00:00+00:00,0.01699206374940418,0.017253968450758193,0.016972222025432283,0.017162697655814036,0.017162697655814036,0.0
2023-12-11 00:00:00+00:00,0.0172698422083779,0.017357143144758922,0.017134919999137757,0.017182539379785932,0.017182539379785932,0.0
2023-12-12 00:00:00+00:00,0.016952380301460387,0.01727777814108228,0.016896824988107833,0.017079364685785203,0.017079364685785203,0.0
2023-12-13 00:00:00+00:00,0.01701587343972827,0.017043651096404544,0.016539683417668417,0.016599206697373164,0.016599206697373164,0.0
2023-12-14 00:00:00+00:00,0.01638095151810419,0.01643650872366769,0.015996032290988497,0.01608730119372171,0.01608730119372171,0.0
2023-12-15 00:00:00+00:00,0.016067459469749815,0.01616666619739835,0.01589682556333996,0.01598015853336879,0.01598015853336879,0.0
2023-12-18 00:00:00+00:00,0.01598015853336879,0.016210317611694336,0.015948412910340323,0.016146824473426455,0.016146824473426455,0.0
2023-12-19 00:00:00+00:00,0.015912699320959667,0.016031745880369156,0.01590872946239653,0.01601190415639726,0.01601190415639726,0.0
2023-12-20 00:00:00+00:00,0.015884919772072445,0.016067459469749815,0.015841270249987407,0.015892857596987768,0.015892857596987768,0.0
2023-12-21 00:00:00+00:00,0.015873015873015872,0.016031745880369156,0.015781746024177187,0.01601587212274945,0.01601587212274945,0.0
2023-12-22 00:00:00+00:00,0.015869047906663682,0.01615476229834178,0.015853174149043976,0.01608730119372171,0.01608730119372171,0.0
2023-12-26 00:00:00+00:00,0.016107142917693607,0.016107142917693607,0.016019841981312587,0.016043651671636672,0.016043651671636672,0.0
2023-12-27 00:00:00+00:00,0.015876983839368062,0.015892857596987768,0.015646825707147993,0.015654761639852372,0.015654761639852372,0.0
2023-12-28 00:00:00+00:00,0.0157579363338531,0.015880951805720255,0.015650793673500182,0.0158253964923677,0.0158253964923677,0.0
2023-12-29 00:00:00+00:00,0.01600396822369288,0.016063491503397625,0.015821428526015507,0.015948412910340323,0.015948412910340323,0.0
2024-01-02 00:00:00+00:00,0.01633333402966696,0.01634126996237134,0.016099206984989227,0.016210317611694336,0.016210317611694336,0.0
2024-01-03 00:00:00+00:00,0.016349205895075724,0.016468254346696156,0.016059523537045435,0.016095239018637037,0.016095239018637037,0.0
2024-01-04 00:00:00+00:00,0.016361111686343237,0.016488096070668055,0.01634523792872353,0.01641666699969579,0.01641666699969579,0.0
2024-01-05 00:00:00+00:00,0.016611110596429734,0.016797618260459293,0.016353173861427914,0.01666666590978229,0.01666666590978229,0.0
2024-01-08 00:00:00+00:00,0.016753968738374255,0.016789682327754914,0.01644444465637207,0.01655952324942937,0.01655952324942937,0.0
2024-01-09 00:00:00+00:00,0.016714285290430463,0.01673015904805017,0.016503967936076815,0.016607142630077544,0.016607142630077544,0.0
2024-01-10 00:00:00+00:00,0.016539683417668417,0.016710317324078273,0.016507935902429004,0.01666666590978229,0.01666666590978229,0.0
2024-01-11 00:00:00+00:00,0.016571429040696885,0.016857143432374985,0.01651984169369652,0.01659523873102097,0.01659523873102097,0.0
2024-01-12 00:00:00+00:00,0.016718253256782653,0.016753968738374255,0.01648412621210492,0.01665476201072572,0.01665476201072572,0.0
2024-01-16 00:00:00+00:00,0.01680158811902243,0.017138887965489947,0.016789682327754914,0.017075396719433013,0.017075396719433013,0.0
2024-01-17 00:00:00+00:00,0.01706349282037644,0.017238094693138487,0.017031745305137028,0.01711111030881367,0.01711111030881367,0.0
2024-01-18 00:00:00+00:00,0.017119048133728994,0.017408730491759287,0.01711111030881367,0.017345237353491406,0.017345237353491406,0.0
2024-01-19 00:00:00+00:00,0.017265872349814762,0.01747222173781622,0.017238094693138487,0.01727381017473009,0.01727381017473009,0.0
2024-01-22 00:00:00+00:00,0.01710714234246148,0.01719444517105345,0.01701587343972827,0.017126984066433378,0.017126984066433378,0.0
2024-01-23 00:00:00+00:00,0.01727381017473009,0.017440476114787752,0.017234126726786297,0.01737301501016768,0.01737301501016768,0.0
2024-01-24 00:00:00+00:00,0.017214285002814397,0.01754761877514067,0.01716666751437717,0.017511905185760013,0.017511905185760013,0.0
2024-01-25 00:00:00+00:00,0.017388888767787387,0.017559524566408188,0.01728968204013885,0.017380952835083008,0.017380952835083008,0.0
2024-01-26 00:00:00+00:00,0.017337301420787023,0.01746825377146403,0.017265872349814762,0.017420634390815856,0.017420634390815856,0.0
2024-01-29 00:00:00+00:00,0.017250000484406003,0.017313491730462937,0.017186507346138122,0.017202381103757828,0.017202381103757828,0.0
2024-01-30 00:00:00+00:00,0.017047619062756734,0.017162697655814036,0.016952380301460387,0.016976189991784473,0.016976189991784473,0.0
2024-01-31 00:00:00+00:00,0.016892857021755643,0.016932540469699435,0.01662698435404944,0.01672619108169798,0.01672619108169798,0.0
2024-02-01 00:00:00+00:00,0.016575397007049075,0.016575397007049075,0.016134920574369885,0.016281746682666597,0.016281746682666597,0.0
2024-02-02 00:00:00+00:00,0.01636904761904762,0.016861111398727174,0.01633333402966696,0.01677381046234615,0.01677381046234615,0.0
2024-02-05 00:00:00+00:00,0.017051587029108927,0.01728571407378666,0.017043651096404544,0.017242062659490676,0.017242062659490676,0.0
2024-02-06 00:00:00+00:00,0.017222222827729724,0.0172698422083779,0.017023809372432648,0.017047619062756734,0.017047619062756734,0.0
2024-02-07 00:00:00+00:00,0.017174603447081552,0.017178571413433742,0.01699206374940418,0.01710317437610929,0.01710317437610929,0.0
2024-02-08 00:00:00+00:00,0.017265872349814762,0.017392856734139577,0.017234126726786297,0.0173650790774633,0.0173650790774633,0.0
2024-02-09 00:00:00+00:00,0.017329365488082643,0.017404762525407094,0.01719444517105345,0.017384920801435198,0.017384920801435198,0.0
2024-02-12 00:00:00+00:00,0.01728968204013885,0.017456349872407458,0.017281746107434468,0.017341269387139216,0.017341269387139216,0.0
2024-02-13 00:00:00+00:00,0.017265872349814762,0.01772222254011366,0.017261904383462572,0.01772222254011366,0.01772222254011366,0.0
2024-02-14 00:00:00+00:00,0.01775396816314213,0.0178015875437903,0.017571428465464757,0.0176507934691414,0.0176507934691414,0.0
2024-02-15 00:00:00+00:00,0.01747618970416841,0.017603174088493226,0.017380952835083008,0.01754365080878848,0.01754365080878848,0.0
2024-02-16 00:00:00+00:00,0.017630951745169505,0.017769841920761836,0.017619047846112932,0.0176507934691414,0.0176507934691414,0.0
2024-02-20 00:00:00+00:00,0.017666667226761107,0.017702380816141765,0.01754365080878848,0.01765476143549359,0.01765476143549359,0.0
2024-02-21 00:00:00+00:00,0.017634919711521695,0.01783730113317096,0.017603174088493226,0.01782539723411439,0.01782539723411439,0.0
2024-02-22 00:00:00+00:00,0.017821429267762198,0.017876984581114756,0.01765476143549359,0.017706348782493955,0.017706348782493955,0.0
2024-02-23 00:00:00+00:00,0.01764682550278921,0.017694444883437382,0.017341269387139216,0.017380952835083008,0.017380952835083008,0.0
2024-02-26 00:00:00+00:00,0.017317459696815127,0.01754365080878848,0.01729365000649104,0.01753174690973191,0.01753174690973191,0.0
2024-02-27 00:00:00+00:00,0.01744841204749213,0.01764285753643702,0.017428572215731183,0.017623015812465122,0.017623015812465122,0.0
2024-02-28 00:00:00+00:00,0.017515873152112203,0.017630951745169505,0.017480159562731547,0.017499999394492496,0.017499999394492496,0.0
2024-02-29 00:00:00+00:00,0.017619047846112932,0.017634919711521695,0.01728968204013885,0.017361111111111112,0.017361111111111112,0.0
2024-03-01 00:00:00+00:00,0.017456349872407458,0.017539682842436292,0.01716666751437717,0.01716666751437717,0.01716666751437717,0.0
2024-03-04 00:00:00+00:00,0.017325397521730453,0.017384920801435198,0.017265872349814762,0.017281746107434468,0.017281746107434468,0.0
2024-03-05 00:00:00+00:00,0.017055554995461117,0.017174603447081552,0.016896824988107833,0.016964286092727904,0.016964286092727904,0.0
2024-03-06 00:00:00+00:00,0.016999999682108562,0.017047619062756734,0.016781746395050534,0.016825395917135572,0.016825395917135572,0.0
2024-03-07 00:00:00+00:00,0.016706349357726084,0.016960318126375714,0.01662698435404944,0.016857143432374985,0.016857143432374985,0.0
2024-03-08 00:00:00+00:00,0.016785714361402724,0.017039683130052354,0.016750000772022065,0.01691269874572754,0.01691269874572754,0.0
2024-03-11 00:00:00+00:00,0.016857143432374985,0.017003967648460752,0.0168333337420509,0.016972222025432283,0.016972222025432283,0.0
2024-03-12 00:00:00+00:00,0.016849205607459658,0.017174603447081552,0.01684126967475528,0.01711111030881367,0.01711111030881367,0.0
2024-03-13 00:00:00+00:00,0.017253968450758193,0.017297619865054174,0.017178571413433742,0.017257936417110382,0.017257936417110382,0.0
2024-03-14 00:00:00+00:00,0.017257936417110382,0.017634919711521695,0.017246032518053813,0.017630951745169505,0.017630951745169505,0.0
2024-03-15 00:00:00+00:00,0.017503967360844686,0.01765872940184578,0.017503967360844686,0.017571428465464757,0.017571428465464757,0.0
2024-03-18 00:00:00+00:00,0.017630951745169505,0.017742064264085557,0.017595238155788846,0.01772222254011366,0.01772222254011366,0.0
2024-03-19 00:00:00+00:00,0.017678571125817676,0.017714286607409282,0.01757539643181695,0.017623015812465122,0.017623015812465122,0.0
2024-03-20 00:00:00+00:00,0.01757539643181695,0.017817459409199064,0.017503967360844686,0.017678571125817676,0.017678571125817676,0.0
2024-03-21 00:00:00+00:00,0.01753174690973191,0.01772222254011366,0.017523809084816586,0.01762698377881731,0.01762698377881731,0.0
2024-03-22 00:00:00+00:00,0.017432540182083373,0.017460317838759648,0.017325397521730453,0.017428572215731183,0.017428572215731183,0.0
2024-03-25 00:00:00+00:00,0.01747618970416841,0.017591270189436656,0.017444444081139942,0.017563492532760377,0.017563492532760377,0.0
2024-03-26 00:00:00+00:00,0.01744841204749213,0.017599206122141036,0.017444444081139942,0.017460317838759648,0.017460317838759648,0.0
2024-03-27 00:00:00+00:00,0.017408730491759287,0.017444444081139942,0.0172698422083779,0.017297619865054174,0.017297619865054174,0.0
2024-03-28 00:00:00+00:00,0.0173650790774633,0.017380952835083008,0.01717063548072936,0.017257936417110382,0.017257936417110382,0.0
2024-04-01 00:00:00+00:00,0.017428572215731183,0.01773412643917023,0.017428572215731183,0.01773015847281804,0.01773015847281804,0.0
2024-04-02 00:00:00+00:00,0.017876984581114756,0.018039682554820226,0.017853174890790666,0.017892856446523515,0.017892856446523515,0.0
2024-04-03 00:00:00+00:00,0.01797619130876329,0.018134921316116576,0.017876984581114756,0.017892856446523515,0.017892856446523515,0.0
2024-04-04 00:00:00+00:00,0.017960317551143586,0.017999999106876434,0.017710316748846145,0.017746032230437747,0.017746032230437747,0.0
2024-04-05 00:00:00+00:00,0.017817459409199064,0.018071428177848695,0.017781745819818406,0.01798412724146767,0.01798412724146767,0.0
2024-04-08 00:00:00+00:00,0.018249999909173874,0.018257935841878254,0.018027778655763656,0.018067460211496505,0.018067460211496505,0.0
2024-04-09 00:00:00+00:00,0.017928571928115117,0.01798015927511548,0.01783730113317096,0.017853174890790666,0.017853174890790666,0.0
2024-04-10 00:00:00+00:00,0.0178015875437903,0.018436507573203434,0.017785713786170596,0.018392858051118396,0.018392858051118396,0.0
2024-04-11 00:00:00+00:00,0.0184880949202038,0.018591269614204528,0.018317461013793945,0.01849206288655599,0.01849206288655599,0.0
2024-04-12 00:00:00+00:00,0.018333332879202708,0.018392858051118396,0.01820634849487789,0.01826190570044139,0.01826190570044139,0.0
2024-04-15 00:00:00+00:00,0.018571427890232632,0.01885714228191073,0.01855158805847168,0.018813492759825693,0.018813492759825693,0.0
2024-04-16 00:00:00+00:00,0.018869048073178248,0.019067459636264376,0.018829364625234452,0.018880951972234817,0.018880951972234817,0.0
2024-04-17 00:00:00+00:00,0.018892857763502333,0.01891666745382642,0.018626983203585187,0.018646824927557083,0.018646824927557083,0.0
2024-04-18 00:00:00+00:00,0.018674602584233358,0.01884127041650197,0.01865476275247241,0.018829364625234452,0.018829364625234452,0.0
2024-04-19 00:00:00+00:00,0.018591269614204528,0.018753967587910002,0.01855952399117606,0.018694444308205257,0.018694444308205257,0.0
2024-04-22 00:00:00+00:00,0.018833332591586642,0.01884523838285416,0.018714286032177153,0.018746031655205622,0.018746031655205622,0.0
2024-04-23 00:00:00+00:00,0.01885714228191073,0.018873016039530437,0.018615079304528614,0.01874206368885343,0.01874206368885343,0.0
2024-04-24 00:00:00+00:00,0.018904761662558903,0.019047619804503427,0.018853174315558538,0.018984126666235546,0.018984126666235546,0.0
2024-04-25 00:00:00+00:00,0.019011904322911822,0.019230159502180797,0.018912697595263286,0.019126984808180068,0.019126984808180068,0.0
2024-04-26 00:00:00+00:00,0.019003968390207442,0.01903571401323591,0.018884919938587007,0.018972222767178974,0.018972222767178974,0.0
2024-04-29 00:00:00+00:00,0.018813492759825693,0.018924603386530802,0.018785715103149414,0.018801586968558177,0.018801586968558177,0.0
2024-04-30 00:00:00+00:00,0.018789683069501604,0.01901587228926401,0.018789683069501604,0.019007936356559632,0.019007936356559632,0.0
2024-05-01 00:00:00+00:00,0.018952381043207078,0.018968254800826784,0.0186587307188246,0.018702380240909637,0.018702380240909637,0.0
2024-05-02 00:00:00+00:00,0.018833332591586642,0.018992062598939926,0.018714286032177153,0.018722221964881533,0.018722221964881533,0.0
2024-05-03 00:00:00+00:00,0.01865476275247241,0.01874206368885343,0.018392858051118396,0.018496030852908178,0.018496030852908178,0.0
2024-05-06 00:00:00+00:00,0.018436507573203434,0.01855158805847168,0.01837698429349869,0.018420635707794675,0.018420635707794675,0.0
2024-05-07 00:00:00+00:00,0.018337300845554898,0.01834127070411803,0.01813095145755344,0.018281745532202343,0.018281745532202343,0.0
2024-05-08 00:00:00+00:00,0.018353174603174604,0.018420635707794675,0.018337300845554898,0.01838095225985088,0.01838095225985088,0.0
2024-05-09 00:00:00+00:00,0.01855158805847168,0.01855555602482387,0.01826984163314577,0.018277777565850153,0.018277777565850153,0.0
2024-05-10 00:00:00+00:00,0.018349206636822414,0.018468253196231903,0.018321428980146135,0.018436507573203434,0.018436507573203434,0.0
2024-05-13 00:00:00+00:00,0.01838492022620307,0.01838492022620307,0.01827380959949796,0.018345238670470224,0.018345238670470224,0.0
2024-05-14 00:00:00+00:00,0.018361110535878983,0.018531746334499784,0.0182222222524976,0.01823015818520198,0.01823015818520198,0.0
2024-05-15 00:00:00+00:00,0.01815873100644066,0.01819841256217351,0.017873016614762562,0.017920634103199794,0.017920634103199794,0.0
2024-05-16 00:00:00+00:00,0.017765873954409643,0.01794047582717169,0.01772619050646585,0.017928571928115117,0.017928571928115117,0.0
2024-05-17 00:00:00+00:00,0.01801190489814395,0.018107143659440297,0.017988095207819865,0.01809523786817278,0.01809523786817278,0.0
2024-05-20 00:00:00+00:00,0.018099205834524974,0.01823412615155417,0.01809523786817278,0.018146825215173145,0.018146825215173145,0.0
2024-05-21 00:00:00+00:00,0.018134921316116576,0.018146825215173145,0.01801190489814395,0.018071428177848695,0.018071428177848695,0.0
2024-05-22 00:00:00+00:00,0.01818650866311694,0.018214286319793216,0.01800793693179176,0.018059524278792125,0.018059524278792125,0.0
2024-05-23 00:00:00+00:00,0.01801190489814395,0.01826587366679358,0.01789682630508665,0.018174602871849424,0.018174602871849424,0.0
2024-05-24 00:00:00+00:00,0.018214286319793216,0.01826984163314577,0.018107143659440297,0.018146825215173145,0.018146825215173145,0.0
2024-05-28 00:00:00+00:00,0.01813095145755344,0.01849206288655599,0.01811904755849687,0.01847619102114723,0.01847619102114723,0.0
2024-05-29 00:00:00+00:00,0.018591269614204528,0.018873016039530437,0.018575397748795765,0.018825396658882262,0.018825396658882262,0.0
2024-05-30 00:00:00+00:00,0.018730157897585913,0.018753967587910002,0.01855158805847168,0.018591269614204528,0.018591269614204528,0.0
2024-05-31 00:00:00+00:00,0.018567459923880442,0.018575397748795765,0.018361110535878983,0.018460317263527523,0.018460317263527523,0.0
2024-06-03 00:00:00+00:00,0.018329364912850515,0.018329364912850515,0.01802380879720052,0.018059524278792125,0.018059524278792125,0.0
2024-06-04 00:00:00+00:00,0.0179166661368476,0.0179365078608195,0.01772222254011366,0.017793651611085922,0.017793651611085922,0.0
2024-06-05 00:00:00+00:00,0.01772222254011366,0.01782539723411439,0.017591270189436656,0.017623015812465122,0.017623015812465122,0.0
2024-06-06 00:00:00+00:00,0.017674603159465486,0.017746032230437747,0.017571428465464757,0.01757936439816914,0.01757936439816914,0.0
2024-06-07 00:00:00+00:00,0.017630951745169505,0.0180873019354684,0.017611111913408552,0.01804761848752461,0.01804761848752461,0.0
2024-06-10 00:00:00+00:00,0.018174602871849424,0.018277777565850153,0.018154761147877528,0.01823412615155417,0.01823412615155417,0.0
2024-06-11 00:00:00+00:00,0.018146825215173145,0.0182222222524976,0.017988095207819865,0.01800396896543957,0.01800396896543957,0.0
2024-06-12 00:00:00+00:00,0.01794841175987607,0.017988095207819865,0.01753174690973191,0.01765872940184578,0.01765872940184578,0.0
2024-06-13 00:00:00+00:00,0.01776190409584651,0.01776190409584651,0.017428572215731183,0.017460317838759648,0.017460317838759648,0.0
2024-06-14 00:00:00+00:00,0.017214285002814397,0.01735317517840673,0.01719047531249031,0.017265872349814762,0.017265872349814762,0.0
2024-06-17 00:00:00+00:00,0.017484127529083737,0.017595238155788846,0.017456349872407458,0.017499999394492496,0.017499999394492496,0.0
2024-06-18 00:00:00+00:00,0.017519841118464396,0.017527777051168775,0.017265872349814762,0.01727777814108228,0.01727777814108228,0.0
2024-06-20 00:00:00+00:00,0.01734920721205454,0.01757936439816914,0.017321427663167317,0.017428572215731183,0.017428572215731183,0.0
2024-06-21 00:00:00+00:00,0.017341269387139216,0.017527777051168775,0.017305555797758557,0.017452380013844325,0.017452380013844325,0.0
2024-06-24 00:00:00+00:00,0.017523809084816586,0.017523809084816586,0.0173650790774633,0.01737301501016768,0.01737301501016768,0.0
2024-06-25 00:00:00+00:00,0.017257936417110382,0.017424602357168046,0.017234126726786297,0.01734920721205454,0.01734920721205454,0.0
2024-06-26 00:00:00+00:00,0.017507937219407823,0.017662699260408917,0.017499999394492496,0.01764682550278921,0.01764682550278921,0.0
2024-06-27 00:00:00+00:00,0.01768650705852206,0.01772619050646585,0.017523809084816586,0.017567460499112567,0.017567460499112567,0.0
2024-06-28 00:00:00+00:00,0.0176507934691414,0.017920634103199794,0.017511905185760013,0.01786507878984724,0.01786507878984724,0.0
2024-07-01 00:00:00+00:00,0.018182538804553804,0.01847222305479504,0.018166666939145044,0.018424603674146865,0.018424603674146865,0.0
2024-07-02 00:00:00+00:00,0.018281745532202343,0.018392858051118396,0.01820634849487789,0.018289683357117666,0.018289683357117666,0.0
2024-07-03 00:00:00+00:00,0.01819047662946913,0.01820634849487789,0.017920634103199794,0.01794841175987607,0.01794841175987607,0.0
2024-07-05 00:00:00+00:00,0.017873016614762562,0.017996031140524244,0.01771825457376147,0.01773015847281804,0.01773015847281804,0.0
2024-07-08 00:00:00+00:00,0.017849206924438477,0.017849206924438477,0.017690476917085193,0.017690476917085193,0.017690476917085193,0.0
2024-07-09 00:00:00+00:00,0.017789681752522785,0.017928571928115117,0.01773809440552242,0.01783730113317096,0.01783730113317096,0.0
2024-07-10 00:00:00+00:00,0.017750000196789937,0.01783730113317096,0.01773015847281804,0.01773809440552242,0.01773809440552242,0.0
2024-07-11 00:00:00+00:00,0.017750000196789937,0.017750000196789937,0.0173650790774633,0.01747618970416841,0.01747618970416841,0.0
2024-07-12 00:00:00+00:00,0.017527777051168775,0.01765872940184578,0.017452380013844325,0.01746825377146403,0.01746825377146403,0.0
2024-07-15 00:00:00+00:00,0.01773809440552242,0.017750000196789937,0.017583334256732273,0.017674603159465486,0.017674603159465486,0.0
2024-07-16 00:00:00+00:00,0.01747618970416841,0.017615079879760742,0.017345237353491406,0.017357143144758922,0.017357143144758922,0.0
2024-07-17 00:00:00+00:00,0.017392856734139577,0.01746825377146403,0.017297619865054174,0.017297619865054174,0.017297619865054174,0.0
2024-07-18 00:00:00+00:00,0.01744841204749213,0.017499999394492496,0.017361111111111112,0.017484127529083737,0.017484127529083737,0.0
2024-07-19 00:00:00+00:00,0.017607142054845416,0.017702380816141765,0.017607142054845416,0.01765872940184578,0.01765872940184578,0.0
2024-07-22 00:00:00+00:00,0.017559524566408188,0.01784126909952315,0.017515873152112203,0.017769841920761836,0.017769841920761836,0.0
2024-07-23 00:00:00+00:00,0.01768650705852206,0.01775793612949432,0.0176507934691414,0.017742064264085557,0.017742064264085557,0.0
2024-07-24 00:00:00+00:00,0.017746032230437747,0.018063492245144315,0.017698412849789576,0.01804761848752461,0.01804761848752461,0.0
2024-07-25 00:00:00+00:00,0.01772619050646585,0.0179365078608195,0.017694444883437382,0.017857142857142856,0.017857142857142856,0.0
2024-07-26 00:00:00+00:00,0.017785713786170596,0.01794841175987607,0.017634919711521695,0.017682539092169866,0.017682539092169866,0.0
2024-07-29 00:00:00+00:00,0.017519841118464396,0.017615079879760742,0.017460317838759648,0.017591270189436656,0.017591270189436656,0.0
2024-07-30 00:00:00+00:00,0.017571428465464757,0.017603174088493226,0.017404762525407094,0.017460317838759648,0.017460317838759648,0.0
2024-07-31 00:00:00+00:00,0.017416666424463666,0.017420634390815856,0.017230158760434107,0.017337301420787023,0.017337301420787023,0.0
2024-08-01 00:00:00+00:00,0.017146825790405273,0.017146825790405273,0.01688095312269907,0.016948412335108198,0.016948412335108198,0.0
2024-08-02 00:00:00+00:00,0.01680952405172681,0.016825395917135572,0.016289682615370976,0.016305556372990682,0.016305556372990682,0.0
2024-08-05 00:00:00+00:00,0.01601190415639726,0.016349205895075724,0.015869047906663682,0.01615873026469397,0.01615873026469397,0.0
2024-08-06 00:00:00+00:00,0.016313492305695065,0.01663492028675382,0.01623412730201842,0.016575397007049075,0.016575397007049075,0.0
2024-08-07 00:00:00+00:00,0.016797618260459293,0.016948412335108198,0.01672222311534579,0.01690873077937535,0.01690873077937535,0.0
2024-08-08 00:00:00+00:00,0.0168333337420509,0.017119048133728994,0.016813492018079,0.01701190547337608,0.01701190547337608,0.0
2024-08-09 00:00:00+00:00,0.016813492018079,0.016813492018079,0.0166984134250217,0.016765872637430828,0.016765872637430828,0.0
2024-08-12 00:00:00+00:00,0.016765872637430828,0.016853175466022795,0.01661904842134506,0.01665476201072572,0.01665476201072572,0.0
2024-08-13 00:00:00+00:00,0.0166626979434301,0.01666666590978229,0.01648412621210492,0.016527777626400904,0.016527777626400904,0.0
2024-08-14 00:00:00+00:00,0.016428570898752364,0.016527777626400904,0.016285714649018786,0.01630158651442755,0.01630158651442755,0.0
2024-08-15 00:00:00+00:00,0.0164126990333436,0.016769840603783018,0.01640873106699141,0.016587300906105648,0.016587300906105648,0.0
2024-08-16 00:00:00+00:00,0.01645238058907645,0.016571429040696885,0.016428570898752364,0.016464286380343966,0.016464286380343966,0.0
2024-08-19 00:00:00+00:00,0.016313492305695065,0.01647222231304835,0.01627380885775127,0.016329364171103825,0.016329364171103825,0.0
2024-08-20 00:00:00+00:00,0.016349205895075724,0.016361111686343237,0.016134920574369885,0.01615079433198959,0.01615079433198959,0.0
2024-08-21 00:00:00+00:00,0.01615079433198959,0.01625793699234251,0.016031745880369156,0.01607539729466514,0.01607539729466514,0.0
2024-08-22 00:00:00+00:00,0.01629761854807536,0.01647222231304835,0.016246031201074995,0.01640476120842828,0.01640476120842828,0.0
2024-08-23 00:00:00+00:00,0.016349205895075724,0.01638095151810419,0.01618650792137025,0.016277778716314407,0.016277778716314407,0.0
2024-08-26 00:00:00+00:00,0.016277778716314407,0.01633730199601915,0.01615476229834178,0.01630158651442755,0.01630158651442755,0.0
2024-08-27 00:00:00+00:00,0.016428570898752364,0.016507935902429004,0.016329364171103825,0.01638095151810419,0.01638095151810419,0.0
2024-08-28 00:00:00+00:00,0.016329364171103825,0.01640476120842828,0.016309524339342876,0.016392857309371706,0.016392857309371706,0.0
2024-08-29 00:00:00+00:00,0.016353173861427914,0.016571429040696885,0.016353173861427914,0.01647222231304835,0.01647222231304835,0.0
2024-08-30 00:00:00+00:00,0.01641666699969579,0.016678571701049805,0.016376983551752,0.016650794044373526,0.016650794044373526,0.0
2024-09-03 00:00:00+00:00,0.016650794044373526,0.016690475600106374,0.016313492305695065,0.016392857309371706,0.016392857309371706,0.0
2024-09-04 00:00:00+00:00,0.016329364171103825,0.01640873106699141,0.016130952608017696,0.016138888540722075,0.016138888540722075,0.0
2024-09-05 00:00:00+00:00,0.016067459469749815,0.01615079433198959,0.01593650711907281,0.015964284775749085,0.015964284775749085,0.0
2024-09-06 00:00:00+00:00,0.015849206182691786,0.016059523537045435,0.015694444141690692,0.015952380876692516,0.015952380876692516,0.0
2024-09-09 00:00:00+00:00,0.01607539729466514,0.01607539729466514,0.015845238216339597,0.015869047906663682,0.015869047906663682,0.0
2024-09-10 00:00:00+00:00,0.015948412910340323,0.015948412910340323,0.015670634451366607,0.015694444141690692,0.015694444141690692,0.0
2024-09-11 00:00:00+00:00,0.01560714320530967,0.0158253964923677,0.015595238360147628,0.015726190710824633,0.015726190710824633,0.0
2024-09-12 00:00:00+00:00,0.015781746024177187,0.015956348843044706,0.015714285865662588,0.015853174149043976,0.015853174149043976,0.0
2024-09-13 00:00:00+00:00,0.015809523680853466,0.015932539152720616,0.01576190430020529,0.015781746024177187,0.015781746024177187,0.0
2024-09-16 00:00:00+00:00,0.015738095555986677,0.015813491647205656,0.01560714320530967,0.015623016016823905,0.015623016016823905,0.0
2024-09-17 00:00:00+00:00,0.0155396821006896,0.01572222179836697,0.01549999959885128,0.015686508208986313,0.015686508208986313,0.0
2024-09-18 00:00:00+00:00,0.015849206182691786,0.015920635253664047,0.015750000401148722,0.01590476149604434,0.01590476149604434,0.0
2024-09-19 00:00:00+00:00,0.016071429328312948,0.016230159335666232,0.016055555570693242,0.01615873026469397,0.01615873026469397,0.0
2024-09-20 00:00:00+00:00,0.01611507885039799,0.016230159335666232,0.016043651671636672,0.01615476229834178,0.01615476229834178,0.0
2024-09-23 00:00:00+00:00,0.01629365058172317,0.01640476120842828,0.01615873026469397,0.01619841182042682,0.01619841182042682,0.0
2024-09-24 00:00:00+00:00,0.01644047669001988,0.01648412621210492,0.01619841182042682,0.016226191369314042,0.016226191369314042,0.0
2024-09-25 00:00:00+00:00,0.01636904761904762,0.016420634966047985,0.01630158651442755,0.01640476120842828,0.01640476120842828,0.0
2024-09-26 00:00:00+00:00,0.016325396204751635,0.016531745592753094,0.016313492305695065,0.01636507965269543,0.01636507965269543,0.0
2024-09-27 00:00:00+00:00,0.016313492305695065,0.016349205895075724,0.016214285578046526,0.0162619049586947,0.0162619049586947,0.0
2024-09-30 00:00:00+00:00,0.01640476120842828,0.01641666699969579,0.016238095268370615,0.01640476120842828,0.01640476120842828,0.0
2024-10-01 00:00:00+00:00,0.01615476229834178,0.016218253544398716,0.01600793619004507,0.01619047588772244,0.01619047588772244,0.0
2024-10-02 00:00:00+00:00,0.016384921376667326,0.016539683417668417,0.01637301558539981,0.016396825275723895,0.016396825275723895,0.0
2024-10-03 00:00:00+00:00,0.016468254346696156,0.016587300906105648,0.016424602932400174,0.016587300906105648,0.016587300906105648,0.0
2024-10-04 00:00:00+00:00,0.01663095232040163,0.016960318126375714,0.01663095232040163,0.016932540469699435,0.016932540469699435,0.0
2024-10-07 00:00:00+00:00,0.016968254059080094,0.0170992064097571,0.016968254059080094,0.01708730251070053,0.01708730251070053,0.0
2024-10-08 00:00:00+00:00,0.017142857824053084,0.017226190794081914,0.0170992064097571,0.017146825790405273,0.017146825790405273,0.0
2024-10-09 00:00:00+00:00,0.017178571413433742,0.017281746107434468,0.017115080167376805,0.017218254861377534,0.017218254861377534,0.0
2024-10-10 00:00:00+00:00,0.017246032518053813,0.017496031428140307,0.017214285002814397,0.017404762525407094,0.017404762525407094,0.0
2024-10-11 00:00:00+00:00,0.017436508148435562,0.017539682842436292,0.01735317517840673,0.017392856734139577,0.017392856734139577,0.0
2024-10-14 00:00:00+00:00,0.017496031428140307,0.017496031428140307,0.017496031428140307,0.017496031428140307,0.017496031428140307,0.0
2024-10-15 00:00:00+00:00,0.017317459696815127,0.017341269387139216,0.017142857824053084,0.017178571413433742,0.017178571413433742,0.0
2024-10-16 00:00:00+00:00,0.017047619062756734,0.01710317437610929,0.016972222025432283,0.017059522961813307,0.017059522961813307,0.0
2024-10-17 00:00:00+00:00,0.017126984066433378,0.01744841204749213,0.017123016100081188,0.017440476114787752,0.017440476114787752,0.0
2024-10-18 00:00:00+00:00,0.017499999394492496,0.017507937219407823,0.017313491730462937,0.017380952835083008,0.017380952835083008,0.0
2024-10-21 00:00:00+00:00,0.01764682550278921,0.017817459409199064,0.017595238155788846,0.01780555551014249,0.01780555551014249,0.0
2024-10-22 00:00:00+00:00,0.0178015875437903,0.01789682630508665,0.01771825457376147,0.01782936520046658,0.01782936520046658,0.0
2024-10-23 00:00:00+00:00,0.017952381618439206,0.017999999106876434,0.01782936520046658,0.017920634103199794,0.017920634103199794,0.0
2024-10-24 00:00:00+00:00,0.017765873954409643,0.017924603961762927,0.01765872940184578,0.01771825457376147,0.01771825457376147,0.0
2024-10-25 00:00:00+00:00,0.01776190409584651,0.017861110823495046,0.0176507934691414,0.017853174890790666,0.017853174890790666,0.0
2024-10-28 00:00:00+00:00,0.01789682630508665,0.018075396144200884,0.017821429267762198,0.01797619130876329,0.01797619130876329,0.0
2024-10-29 00:00:00+00:00,0.018063492245144315,0.01818650866311694,0.0179166661368476,0.01793253989446731,0.01793253989446731,0.0
2024-10-30 00:00:00+00:00,0.01783730113317096,0.017873016614762562,0.017583334256732273,0.017777777853466216,0.017777777853466216,0.0
2024-10-31 00:00:00+00:00,0.017777777853466216,0.01793253989446731,0.01765872940184578,0.017750000196789937,0.017750000196789937,0.0
2024-11-01 00:00:00+00:00,0.01780555551014249,0.01812698349120125,0.017591270189436656,0.0180873019354684,0.0180873019354684,0.0
2024-11-04 00:00:00+00:00,0.017765873954409643,0.01794444379352388,0.017698412849789576,0.01783333316681877,0.01783333316681877,0.0
2024-11-05 00:00:00+00:00,0.017880952547466945,0.01794444379352388,0.017634919711521695,0.01765872940184578,0.01765872940184578,0.0
2024-11-06 00:00:00+00:00,0.018353174603174604,0.018515872576880078,0.01819047662946913,0.01826190570044139,0.01826190570044139,0.0
2024-11-07 00:00:00+00:00,0.018249999909173874,0.018337300845554898,0.01801984083084833,0.018027778655763656,0.018027778655763656,0.0
2024-11-08 00:00:00+00:00,0.01790079427143884,0.01794841175987607,0.017682539092169866,0.017765873954409643,0.017765873954409643,0.0
2024-11-11 00:00:00+00:00,0.01775793612949432,0.01775793612949432,0.01775793612949432,0.01775793612949432,0.01775793612949432,0.0
2024-11-12 00:00:00+00:00,0.01794047582717169,0.01820634849487789,0.01786904675619943,0.01816269897279285,0.01816269897279285,0.0
2024-11-13 00:00:00+00:00,0.01809523786817278,0.018428571640499054,0.01790873020414322,0.01840079398382278,0.01840079398382278,0.0
2024-11-14 00:00:00+00:00,0.018325396946498325,0.018428571640499054,0.018075396144200884,0.01818650866311694,0.01818650866311694,0.0
2024-11-15 00:00:00+00:00,0.01822619021884979,0.01847619102114723,0.018178570838201614,0.018257935841878254,0.018257935841878254,0.0
2024-11-18 00:00:00+00:00,0.018535714300851974,0.01855952399117606,0.018174602871849424,0.018277777565850153,0.018277777565850153,0.0
